question,question_cyrl,answers,answers_cyrl,correct_answer,image_url,category,time_limit,audio_url,audio_url_cyrl,explanation_text,explanation_text_cyrl
Quyidagi javoblardan qaysi birida «Yo'lovchi»atamasining to'g'ri tarifi ko'rsatilgan?,Қуйидаги жавоблардан қайси бирида «Ё’ловчи»атамасининг тўғри тарифи кўрсатилган?,"{""Transport vositasidagi barcha shaxslar"",""Transport vositasidagi(haydovchidan tashqari) shaxs,shuningdek transport vositasigakirayotgan(unga chiqib o'tirayotgan)aki transport vositasi danchiqayotgan(undan tushayotgan) shaxs"",""Har ikkala tarif to'g'ri""}","{""Транспорт воситасидаги барча шахслар"",""Транспорт воситасидаги(ҳайдовчидан ташқари) шахс,шунингдек транспорт воситасигакираётган(унга чиқиб ўтираётган)аки транспорт воситаси данчиқаётган(ундан тушаётган) шахш"",""Ҳар иккала тариф тўғри""}",1,https://postimg.cc/Dmfk0bYv,Bilet 51-60,300,,,,
Quyidagi javoblardan qaysi birida «Xavf»atamasining to'g'ri tarifi ko'rsatilgan?,Қуйидаги жавоблардан қайси бирида «Хавф»атамасининг тўғри тарифи кўрсатилган?,"{""Yo'l harakati xavfsizligiga xavf soluvchi har qanday omil"",""Yo'l harakati qatnashchilarining yo'nalishini o'zgartirishga majbur qiladigan har qanday to'siq"",""Yo'l harakati jarayonidan o'sha yo'nalishda va o'sha tezlikda harakatlanishni davom ettirish yo'l transport hodisasi sodir bo'lishiga tahdid soladigan omil""}","{""Ё’л ҳаракати хавфсизлигига хавф солувчи ҳар қандай омил"",""Ё’л ҳаракати қатнашчиларининг ё’налишини ўзгартиришга мажбур қиладиган ҳар қандай тўсиқ"",""Ё’л ҳаракати жараёнидан ўша ё’налишда ва ўша тезликда ҳаракатланишни давом еттириш ё’л транспорт ҳодисаси содир бўлишига таҳдид соладиган омил""}",0,https://postimg.cc/Dmfk0bYv,Bilet 51-60,300,,,,
Engil avtomobilning tom qismiga o'rnatilganyukhonasida yukning balandligi(maxsusmoslamalar bilan mustahkamlangan holdavelosipedlarni tashish bundan mustasno) nechametrdan oshmasligi kerak ?,Енгил автомобилнинг том қисмига ўрнатилганюкҳонасида юкнинг баландлиги(махсусмосламалар билан мустаҳкамланган ҳолдавелосипедларни ташиш бундан мустасно) нечаметрдан ошмаслиги керак ?,"{""0.5 metr"",""1.0 metr"",""1.2 metr"",""1.5 metr""}","{""0.5 метр"",""1.0 метр"",""1.2 метр"",""1.5 метр""}",1,https://postimg.cc/Dmfk0bYv,Bilet 51-60,300,,,,
Bir yo'nalishda uch va undan ortiq tasmali harqanday yo'lda yuk avtomobillariga chetki chap qatorni egallashga ruxsat etiladi:,Бир ё’налишда уч ва ундан ортиқ тасмали ҳарқандай ё’лда юк автомобилларига четки чап қаторни егаллашга рухсат етилади:,"{""Quvib o'tish, chapga burilish va qayrilib olishda"",""Quvib o'tish va aylanib o'tishda"",""Chapga burilish va qayrilib olishda"",""Barcha hollarda""}","{""Қувиб ўтиш, чапга бурилиш ва қайрилиб олишда"",""Қувиб ўтиш ва айланиб ўтишда"",""Чапга бурилиш ва қайрилиб олишда"",""Барча ҳолларда""}",2,https://postimg.cc/Dmfk0bYv,Bilet 51-60,300,,,,
Bu yotiq chiziq bildiradi:,Бу ётиқ чизиқ билдиради:,"{""Ko'rsatilgan yo'nalishlarida xarakakatlanishni taqiqlanadi"",""Choraxalarda tasmalar bo'yicha ruxsat etilgan xarakat yo'nalishlarni ko'rsatadi"",""Xarakat barcha yo'nalishlarda ruxsat etilgan yo'llarning Kesishmasiga yaqinlashganlikni""}","{""Кўрсатилган ё’налишларида харакакатланишни тақиқланади"",""Чорахаларда тасмалар бўйича рухсат етилган харакат ё’налишларни кўрсатади"",""Харакат барча ё’налишларда рухсат етилган ё’лларнинг Кесишмасига яқинлашганликни""}",1,https://ptest.uz/images/0b81f5bd-0037-47e9-b79e-b469b2fc5969.webp,Bilet 51-60,300,,,,
Maktab va maktabgacha talim tashkilotlari atrofidagi yullarda 300 metrgacha bo'lgan masofada kanday eng yukori tezlikda harakatlanishga ruhsat etiladi,Мактаб ва мактабгача талим ташкилотлари атрофидаги юлларда 300 метргача бўлган масофада кандай енг юкори тезликда ҳаракатланишга руҳсат етилади,"{""20 km/s"",""30 km/s"",""50 km/s"",""60 km/s""}","{""20 км/ш"",""30 км/ш"",""50 км/ш"",""60 км/ш""}",1,https://postimg.cc/Dmfk0bYv,Bilet 51-60,300,,,,
Bunday vaziyatda siz:,Бундай вазиятда сиз:,"{""Birinchi o‘tish huquqiga egaman"",""Ro‘paradan kelayotgan avtomobilga yo‘l beraman""}","{""Биринчи ўтиш ҳуқуқига егаманг"",""Рўпарадан келаётган автомобилга ё’л бераманг""}",1,https://ptest.uz/images/e16723a8-fc03-4092-a39b-8b454fff3360.webp,Bilet 51-60,300,,,,
Odam tashish uchun mo'ljallangan yuk avtomobilining yuk xonasi bortining balandligi:,Одам ташиш учун мўлжалланган юк автомобилининг юк хонаси бортининг баландлиги:,"{""0.7 metrdan kam bo'lmasligi kerak"",""1 metrdan kam bo'lmasligi kerak"",""1.3 metrdan kam bo'lmasligi kerak"",""1.5 metrdan kam bo'lmasligi kerak""}","{""0.7 метрдан кам бўлмаслиги керак"",""1 метрдан кам бўлмаслиги керак"",""1.3 метрдан кам бўлмаслиги керак"",""1.5 метрдан кам бўлмаслиги керак""}",2,https://postimg.cc/Dmfk0bYv,Bilet 51-60,300,,,,
Bekat maydonchalaridan harakatlanish yunalishi bo'ylab kanchadan kam masofada (etmasdan va o'tib ketib) to'xtash va to'xtab turish takiklanadi?,Бекат майдончаларидан ҳаракатланиш юналиши бўйлаб канчадан кам масофада (етмасдан ва ўтиб кетиб) тўхташ ва тўхтаб туриш такикланади?,"{""25 metr"",""30 metr"",""15 metr"",""20 metr""}","{""25 метр"",""30 метр"",""15 метр"",""20 метр""}",2,https://postimg.cc/Dmfk0bYv,Bilet 51-60,300,,,,
Qayta tizilish deb nimaga aytiladi?,Қайта тизилиш деб нимага айтилади?,"{""Dastlabki harakat yo'nalishini saqlagan holda o'z harakatlanish tasmasidan boshqa harakatlanish qatoriga o'tish"",""Qatnov qismining maxsus ajratilgan,5.35 - 5.37 yo'l belgilari, 1.9 yo'lchizig'i bilan belgilangan va ustida reversiv svetofor o'rnatilgan bo'lagida harakatlanish yo'nalishini qarama-qarshi tomonga o'zgartirish"",""Xavf tug'ilganda yo'ldagi boshqa harakat qatnashchilarining harakatlanishiga to'sqinlik qilmaslik uchun haydovchilar tomonidan bajariladigan harakat(manyovr)""}","{""Дастлабки ҳаракат ё’налишини сақлаган ҳолда ўз ҳаракатланиш тасмасидан бошқа ҳаракатланиш қаторига ўтиш"",""Қатнов қисмининг махсус ажратилган,5.35 - 5.37 ё’л белгилари, 1.9 ё’лчизиғи билан белгиланган ва устида реверсив светофор ўрнатилган бўлагида ҳаракатланиш ё’налишини қарама-қарши томонга ўзгартириш"",""Хавф туғилганда ё’лдаги бошқа ҳаракат қатнашчиларининг ҳаракатланишига тўсқинлик қилмаслик учун ҳайдовчилар томонидан бажариладиган ҳаракат(манёвр)""}",0,https://postimg.cc/Dmfk0bYv,Bilet 51-60,300,,,,
Mazkur yo'l belgisi:,Мазкур ё’л белгиси:,"{""Doimiy belgi hisoblanadi"",""Vaqtinchalik belgi hisoblanadi"",""Mavsumiy belgi hisoblanadi""}","{""Доимий белги ҳисобланади"",""Вақтинчалик белги ҳисобланади"",""Мавсумий белги ҳисобланади""}",1,https://ptest.uz/images/51a1c04e-c9b3-44b4-8c1e-01edfbaad301.webp,Bilet 51-60,300,,,,
O'zib ketish deb nimaga aytiladi?,Ўзиб кетиш деб нимага айтилади?,"{""Transport vositasining bir yo'nalishda transport vositasi tezligidan ortiq tezlikda harakatlanishi"",""Qarama - qarshi yo'nalishda harakatlanish uchun mo'ljallangan tasmaga chiqib,so'ngra ilgari egallagan qatoriga qaytib o'tish bilan bog'liq bo'lgan harakat"",""Kam tezlik bilan qo'shni qatorda harakatlanayotgan bir yoki bir nechta transport vositasidan o'zib ketish""}","{""Транспорт воситасининг бир ё’налишда транспорт воситаси тезлигидан ортиқ тезликда ҳаракатланиши"",""Қарама - қарши ё’налишда ҳаракатланиш учун мўлжалланган тасмага чиқиб,сўнгра илгари егаллаган қаторига қайтиб ўтиш билан боғлиқ бўлган ҳаракат"",""Кам тезлик билан қўшни қаторда ҳаракатланаётган бир ёки бир нечта транспорт воситасидан ўзиб кетиш""}",0,https://postimg.cc/Dmfk0bYv,Bilet 51-60,300,,,,
Oq-qizil (1.14.4 zebra) yo'l chizig'i qandayjoylarda piyodalar o'tish joyini belgilash uchunchiziladi?,Оқ-қизил (1.14.4 зебра) ё’л чизиғи қандайжойларда пиёдалар ўтиш жойини белгилаш учунчизилади?,"{""Piyodalar gavjum bo'lgan joylarda"",""Savdo, madaniy-maishiy xizmatko'rsatish binolari oldida"",""Maktab va maktabgacha talimmuassasalari oldida"",""Barcha javoblar to'g'ri""}","{""Пиёдалар гавжум бўлган жойларда"",""Савдо, маданий-маиший хизматкўрсатиш бинолари олдида"",""Мактаб ва мактабгача талиммуассасалари олдида"",""Барча жавоблар тўғри""}",2,https://ptest.uz/images/04201225-7f83-459e-9685-7a09ab31fcfc.webp,Bilet 51-60,300,,,,
Transport vositalarining qayrilib olishjoylarida va unga etmasdan yoki o'tib qanchadankam masofada to'xtashi taqiqlanadi?,Транспорт воситаларининг қайрилиб олишжойларида ва унга етмасдан ёки ўтиб қанчаданкам масофада тўхташи тақиқланади?,"{""40 metr"",""45 metr"",""30 metr"",""50 metr""}","{""40 метр"",""45 метр"",""30 метр"",""50 метр""}",2,https://postimg.cc/Dmfk0bYv,Bilet 51-60,300,,,,
To'siq deb nimaga aytiladi?,Тўсиқ деб нимага айтилади?,"{""Yo'lning qatnov qismida harakatsiz holda bo'lgan jism"",""Tirbandlik tufayli qatnov qismida to'xtab turgan transport vositasi"",""Yo'l harakati xavfsizligiga xavf soluvchi har qanday omil""}","{""Ё’лнинг қатнов қисмида ҳаракатсиз ҳолда бўлган жисм"",""Тирбандлик туфайли қатнов қисмида тўхтаб турган транспорт воситаси"",""Ё’л ҳаракати хавфсизлигига хавф солувчи ҳар қандай омил""}",0,https://postimg.cc/Dmfk0bYv,Bilet 51-60,300,,,,
"Odam tashish uchun mo'ljallangan yuk avtomobiliyukhonasiga o'rnatilgan o'rindiqlar, yukhonapastki qismidan qancha balandlikdamahkamlangan bo'lishi kerak?","Одам ташиш учун мўлжалланган юк автомобилиюкҳонасига ўрнатилган ўриндиқлар, юкҳонапастки қисмидан қанча баландликдамаҳкамланган бўлиши керак?","{""0.3 - 0.5 metr"",""0.6 - 0.7 metr"",""0.8 - 0.9 metr""}","{""0.3 - 0.5 метр"",""0.6 - 0.7 метр"",""0.8 - 0.9 метр""}",0,https://postimg.cc/Dmfk0bYv,Bilet 51-60,300,,,,
"Engil avtomobilning tom qismiga o'rnatilgan yukxonasida yuk tashishdan, yukning uzunligi avtomobilning gabaritidan necha metrdan oshmasa tashishga yo'l qo'yiladi?","Енгил автомобилнинг том қисмига ўрнатилган юкхонасида юк ташишдан, юкнинг узунлиги автомобилнинг габаритидан неча метрдан ошмаса ташишга ё’л қўйилади?","{""2 metr"",""1 metr"",""1.2 metr"",""0.5 metr""}","{""2 метр"",""1 метр"",""1.2 метр"",""0.5 метр""}",3,https://postimg.cc/Dmfk0bYv,Bilet 51-60,300,,,,
Piyodalar o'tish joyiga qancha masofa etmasdan to'xtash va to'xtab turishga ruxsat beriladi?,Пиёдалар ўтиш жойига қанча масофа етмасдан тўхташ ва тўхтаб туришга рухсат берилади?,"{""3 metr"",""5 metr"",""10 metr""}","{""3 метр"",""5 метр"",""10 метр""}",2,https://postimg.cc/Dmfk0bYv,Bilet 51-60,300,,,,
Odam tashish uchun mo'ljallangan yuk avtomobili yuk xonasi bordlari balanligi :,Одам ташиш учун мўлжалланган юк автомобили юк хонаси бордлари баланлиги :,"{""0,70 metrdan kam bo'lmasligi kerak"",""1,0 metrdan kam bo'lmasligi kerak"",""1,3 metrdan kam bo'lmasligi kerak"",""1,5 metrdan kam bo'lmasligi kerak""}","{""0,70 метрдан кам бўлмаслиги керак"",""1,0 метрдан кам бўлмаслиги керак"",""1,3 метрдан кам бўлмаслиги керак"",""1,5 метрдан кам бўлмаслиги керак""}",2,https://postimg.cc/Dmfk0bYv,Bilet 51-60,300,,,,
Kesishayotgan qatnov qismi chetiga qanchadankam masofa qolganda to'xtash taqiqlanadi?,Кесишаётган қатнов қисми четига қанчаданкам масофа қолганда тўхташ тақиқланади?,"{""40 metr"",""45 metr"",""30 metr""}","{""40 метр"",""45 метр"",""30 метр""}",2,https://postimg.cc/Dmfk0bYv,Bilet 51-60,300,,,,
Quyidagi javoblardan qaysi birida «Yo'lovchi»atamasining to'g'ri tarifi ko'rsatilgan?,Қуйидаги жавоблардан қайси бирида «Ё’ловчи»атамасининг тўғри тарифи кўрсатилган?,"{""Transport vositasidagi barcha shaxslar"",""Transport vositasidagi(haydovchidan tashqari) shaxs,shuningdek transport vositasigakirayotgan(unga chiqib o'tirayotgan)aki transport vositasi danchiqayotgan(undan tushayotgan) shaxs"",""Har ikkala tarif to'g'ri""}","{""Транспорт воситасидаги барча шахслар"",""Транспорт воситасидаги(ҳайдовчидан ташқари) шахс,шунингдек транспорт воситасигакираётган(унга чиқиб ўтираётган)аки транспорт воситаси данчиқаётган(ундан тушаётган) шахш"",""Ҳар иккала тариф тўғри""}",1,https://postimg.cc/Dmfk0bYv,Bilet 51-60,300,,,,
Mazkur yo'l belgisi: Harakatlanish qaysi yo‘nalishga ruxsat etilgan?,Мазкур ё’л белгиси: Ҳаракатланиш қайси ё’налишга рухсат етилган?,"{""Harakatlanish taqiqlanadi"",""Faqat to‘g‘riga"",""Faqat to‘g‘riga va o‘ngga"",""Barcha yo‘nalishda ruxsat etiladi""}","{""Ҳаракатланиш тақиқланади"",""Фақат тўғрига"",""Фақат тўғрига ва ўнгга"",""Барча ё’налишда рухсат етилади""}",0,https://ptest.uz/images/9e809bcf-31ec-4e68-b201-2e3a031b3c90.webp,Bilet 51-60,300,,,,
"Odam tashish uchun mo'ljallangan yuk avtomobili yukxonasiga o'rnatilgan o'rindiqlar, yukxona pastgi qismidan qancha balandlikda maxkamlangan bo'lishi kerak?","Одам ташиш учун мўлжалланган юк автомобили юкхонасига ўрнатилган ўриндиқлар, юкхона пастги қисмидан қанча баландликда махкамланган бўлиши керак?","{""0,3-0,5 metr"",""0,6-0,7 metr"",""0,8-0,9 metr""}","{""0,3-0,5 метр"",""0,6-0,7 метр"",""0,8-0,9 метр""}",0,https://postimg.cc/Dmfk0bYv,Bilet 51-60,300,,,,
Mayoqchasi yokilangan transport vositasiga harakatni to'g'riga davom ettirishga ruxsat beriladimi?,Маёқчаси ёкиланган транспорт воситасига ҳаракатни тўғрига давом еттиришга рухсат бериладими?,"{""Ruxsat beriladi"",""Taqiqlanadi""}","{""Рухсат берилади"",""Тақиқланади""}",1,https://ptest.uz/images/6b8aeda1-56aa-4b77-ab46-1f8b3231c169.webp,Bilet 51-60,300,,,,
Tramvayni ko'rsatilganidek old qismidan yo'lni kesib o'tishga ruxsat beriladimi?,Трамвайни кўрсатилганидек олд қисмидан ё’лни кесиб ўтишга рухсат бериладими?,"{""Ruxsat beriladi"",""Taqiqlanadi"",""Istagan tomonidan ruxsat beriladi""}","{""Рухсат берилади"",""Тақиқланади"",""Истаган томонидан рухсат берилади""}",0,https://ptest.uz/images/54808f18-e88b-4e8f-82d3-34d2443d7a53.webp,Bilet 51-60,300,,,,
Qaysi avtomobilning xaydovchisi to'xtab turish qoidalarini buzmadi?,Қайси автомобилнинг хайдовчиси тўхтаб туриш қоидаларини бузмади?,"{""Qizil"",""Sarik"",""Xar ikkisi buzgan"",""Xech kim buzmadi""}","{""Қизил"",""Сарик"",""Хар иккиси бузганг"",""Хеч ким бузмади""}",2,https://ptest.uz/images/097cc01c-34a8-4ab5-a507-a80a5b2e633c.webp,Bilet 51-60,300,,,,
Ushbu yo'l belgisi qanday nomlanadi: Bir vaqtda qayrilishda qaysi transport vositasi yo'l berishi kerak?,Ушбу ё’л белгиси қандай номланади: Бир вақтда қайрилишда қайси транспорт воситаси ё’л бериши керак?,"{""Avtobus haydovchisi"",""Engil avtomobil haydovchisi"",""Bunday vaziyatda haydovchilar o'zaro kelishadilar""}","{""Автобус ҳайдовчиси"",""Енгил автомобил ҳайдовчиси"",""Бундай вазиятда ҳайдовчилар ўзаро келишадилар""}",0,https://ptest.uz/images/9d2c2f20-39d1-4c04-8c3c-a6185666653e.webp,Bilet 51-60,300,,,,
"Velosipedlarda yuk tashilganda gabaritidan bo'yiga va eniga qanchadan ortiq chiqib tursa, yuk tashish taqiqlanadi?","Велосипедларда юк ташилганда габаритидан бўйига ва енига қанчадан ортиқ чиқиб турса, юк ташиш тақиқланади?","{""0.3 m"",""0.4 m"",""0.5 m"",""1 m""}","{""0.3 м"",""0.4 м"",""0.5 м"",""1 м""}",2,https://postimg.cc/Dmfk0bYv,Bilet 51-60,300,,,,
"Choraxadan chapga burilmoqchisiz, sizning harakatingiz: Quyidagi shaxslarga xavfsizlik kamarini (kanstruksiyasida xavfsizlik kamari nazarda tutilgan transport vositalarida)taqmaslikga ruxsat beriladi:","Чорахадан чапга бурилмоқчисиз, сизнинг ҳаракатингиз: Қуйидаги шахсларга хавфсизлик камарини (канструксиясида хавфсизлик камари назарда тутилган транспорт воситаларида)тақмасликга рухсат берилади:","{""Avtomobilning orqa o'rindiqdagi 12 yoshgacha bo'lgan bolalarga"",""Xomilador ayollarga"",""Orqaga xarakatni amalga oshiryotgan xaydovchilarga"",""1 va 2 javoblar to'g'ri"",""Sanab o'tilgan barcha xollarda""}","{""Автомобилнинг орқа ўриндиқдаги 12 ёшгача бўлган болаларга"",""Хомиладор аёлларга"",""Орқага харакатни амалга оширётган хайдовчиларга"",""1 ва 2 жавоблар тўғри"",""Санаб ўтилган барча холларда""}",3,https://ptest.uz/images/e610bed3-1ad0-49e1-af11-c8a3ff699c9e.webp,Bilet 51-60,300,,,,
Ushbu belgilaridan qaysilari vaqtinchalik yo'l belgilari xisoblanadi:,Ушбу белгиларидан қайсилари вақтинчалик ё’л белгилари хисобланади:,"{""«1»va«4»"",""«2»va«3»"",""«Z»va«4»""}","{""«1»ва«4»"",""«2»ва«3»"",""«З»va«4»""}",1,https://ptest.uz/images/71c66a50-d5ca-44b5-bd1c-5b6668ac3535.webp,Bilet 51-60,300,,,,
Chorrahadan qaysi yo‘nalishda harakatlanishingizga ruxsat berilgan?,Чорраҳадан қайси ё’налишда ҳаракатланишингизга рухсат берилган?,"{""Faqat to‘g‘riga"",""To‘g‘riga va o‘ngga"",""Faqat o‘ngga""}","{""Фақат тўғрига"",""Тўғрига ва ўнгга"",""Фақат ўнгга""}",0,https://ptest.uz/images/a4ed4890-0f1c-4581-9b20-07fc4a35428e.webp,Bilet 51-60,300,,,,
Qaysi yo'l chizig'i maktablar oldidagi piyodalar o'tish joylarida qo'llaniladi?,Қайси ё’л чизиғи мактаблар олдидаги пиёдалар ўтиш жойларида қўлланилади?,"{""1-chiziq"",""2-chiziq"",""3-chiziq""}","{""1-чизиқ"",""2-чизиқ"",""3-чизиқ""}",2,https://ptest.uz/images/dcbdac19-cd14-4bb5-95da-504c1e5bf567.webp,Bilet 51-60,300,,,,
Kaysi yonalish bo'yicha harakatlanishga ruxsat beriladi?,Кайси ёналиш бўйича ҳаракатланишга рухсат берилади?,"{""«A» «B» «C»"",""«A» «B» «D»"",""«D»""}","{""«А» «Б» «C»"",""«А» «Б» «Д»"",""«Д»""}",2,https://ptest.uz/images/73919e11-d1ef-4231-8097-937d79ed77ab.webp,Bilet 51-60,300,,,,
Qaysi transport vositasi haydovchisi qoida buzib harakatlanmoqda?,Қайси транспорт воситаси ҳайдовчиси қоида бузиб ҳаракатланмоқда?,"{""Ruxsat etilgan to'la vazni 3 tonna bo'lgan yuk avtomobili va mopet haydovchisi"",""Faqat moped haydovchisi"",""Hech kim qoida buzmayabdi""}","{""Рухсат етилган тўла вазни 3 тонна бўлган юк автомобили ва мопет ҳайдовчиси"",""Фақат мопед ҳайдовчиси"",""Ҳеч ким қоида бузмаябди""}",0,https://ptest.uz/images/89fa0ec9-f234-4731-af57-b5df6722cd6a.webp,Bilet 51-60,300,,,,
Qanday xollarda quvib o'tish taqiqlanadi?,Қандай холларда қувиб ўтиш тақиқланади?,"{""Tartibga solingan choraxalarda"",""Tepalikning oxirida va yo'lning ko'rinishi cheklangan joylarda"",""Tartibga solinmagan choraxalarda asosiy xisoblanmaydigan yo'llarda xarakatlanishda"",""Sanab o'tilgan barcha xollarda""}","{""Тартибга солинган чорахаларда"",""Тепаликнинг охирида ва ё’лнинг кўриниши чекланган жойларда"",""Тартибга солинмаган чорахаларда асосий хисобланмайдиган ё’лларда харакатланишда"",""Санаб ўтилган барча холларда""}",3,https://postimg.cc/Dmfk0bYv,Bilet 51-60,300,,,,
To'xtab turish joyidan chiqib ketganda boshqa transport vositasi bilan yo'llaringiz kesishganda qanday harakat qilishingiz kerak?,Тўхтаб туриш жойидан чиқиб кетганда бошқа транспорт воситаси билан ё’лларингиз кесишганда қандай ҳаракат қилишингиз керак?,"{""Yo'l berish"",""Birinchi o'tish"",""O'zaro kelishuvga binoan harakatlanish""}","{""Ё’л бериш"",""Биринчи ўтиш"",""Ўзаро келишувга биноан ҳаракатланиш""}",0,https://ptest.uz/images/d2c02c20-4d52-4642-bf62-c392d95e5c74.webp,Bilet 51-60,300,,,,
Bu belgilardan qaysi biri maktab va maktabgacha talim tashkilotlari oldida o'rnatiladi?,Бу белгилардан қайси бири мактаб ва мактабгача талим ташкилотлари олдида ўрнатилади?,"{""«A»"",""«B»"",""«V»""}","{""«А»"",""«Б»"",""«В»""}",1,https://ptest.uz/images/b764d4c0-f593-4451-9eb8-9933d7c6abaa.webp,Bilet 51-60,300,,,,
Bu belgi qayerlardan oldin o'rnatildi?,Бу белги қаерлардан олдин ўрнатилди?,"{""Bozorlar oldindan"",""Maktab va bolalarning dam olish maskanlari oldindan"",""Vokzal oldindan""}","{""Бозорлар олдинданг"",""Мактаб ва болаларнинг дам олиш масканлари олдинданг"",""Вокзал олдинданг""}",1,https://ptest.uz/images/2c5c8c98-ca3e-43eb-97b9-2156c37070d3.webp,Bilet 51-60,300,,,,
Mazkur yo'l belgisi:,Мазкур ё’л белгиси:,"{""Doimim belgi xisoblanadi"",""Vaqtinchalik belgi xisoblanadi"",""Mavsumiy belgi xisoblanadi""}","{""Доимим белги хисобланади"",""Вақтинчалик белги хисобланади"",""Мавсумий белги хисобланади""}",1,https://ptest.uz/images/d32a4efa-e028-4c81-8a32-08d6e079e7ed.webp,Bilet 51-60,300,,,,
Ogohlantiruvchi belgilarni toping,Огоҳлантирувчи белгиларни топинг,"{""Hammasi"",""1,2,4,5"",""4,5""}","{""Ҳаммаси"",""1,2,4,5"",""4,5""}",2,https://ptest.uz/images/f4e92a17-0b9e-423f-918a-06c5113dcc7a.webp,Bilet 51-60,300,,,,
Bu belgi o'rnatilgan joyda tirkamali engil avtomobilni harakatlanishga ruxsat beriladimi?,Бу белги ўрнатилган жойда тиркамали енгил автомобилни ҳаракатланишга рухсат бериладими?,"{""Ruxsat beriladi agar tirkamaning vazni 750kg dan oshmasa"",""Ruxsat beriladi"",""Taqiqlanadi""}","{""Рухсат берилади агар тиркаманинг вазни 750кг дан ошмаса"",""Рухсат берилади"",""Тақиқланади""}",1,https://ptest.uz/images/e585c4e6-2f16-4419-a406-75d74552d29c.webp,Bilet 51-60,300,,,,
Qaysi rasmda piyodalar qoidani buzmay harakatlanmoqda?,Қайси расмда пиёдалар қоидани бузмай ҳаракатланмоқда?,"{""Chapdagi rasmda"",""O'ngdagi rasmda"",""Ikkala rasmda""}","{""Чапдаги расмда"",""Ўнгдаги расмда"",""Иккала расмда""}",1,https://ptest.uz/images/468acd6d-0ddf-4200-b841-34f6a905ac54.webp,Bilet 51-60,300,,,,
Belgilardan qaysi biri qatnov qismi kesishmasi hududini bildiradi?,Белгилардан қайси бири қатнов қисми кесишмаси ҳудудини билдиради?,"{""«A»"",""«B»"",""«V»""}","{""«А»"",""«Б»"",""«В»""}",0,https://ptest.uz/images/2a58768b-1ec8-4480-81c2-34f097756a79.webp,Bilet 51-60,300,,,,
"Agar haydovchi o'zi xarakatlanayotgan yo'lning qoplamasini bor- yo'kligini aniklay olmasa ( qorongi vaqt, loy, kor) va imtiyoz belgilari bo'lmasa )?","Агар ҳайдовчи ўзи харакатланаётган ё’лнинг қопламасини бор- ё’клигини аниклай олмаса ( қоронги вақт, лой, кор) ва имтиёз белгилари бўлмаса )?","{""O'zini asosiy yo'lda deb hisoblashi kerak"",""O'zini ikkinchi darajali yo'lda deb xisoblashi kerak"",""Barchasi tugri""}","{""Ўзини асосий ё’лда деб ҳисоблаши керак"",""Ўзини иккинчи даражали ё’лда деб хисоблаши керак"",""Барчаси тугри""}",1,https://ptest.uz/images/5202120f-25d1-4a93-a6fc-5f6bd88daebd.webp,Bilet 51-60,300,,,,
Qaysi belgi «Avtomobillar uchun mo'ljallangan yo'l» deb nomlanadi?,Қайси белги «Автомобиллар учун мўлжалланган ё’л» деб номланади?,"{""1"",""2"",""3"",""4"",""5""}","{""1"",""2"",""3"",""4"",""5""}",1,https://ptest.uz/images/e7e052b2-9855-423c-bf52-1608f1142614.webp,Bilet 51-60,300,,,,
Qaysi rasmda piyoda qoidani buzgan holda yo'lni kesib o'tyabdi?,Қайси расмда пиёда қоидани бузган ҳолда ё’лни кесиб ўтябди?,"{""1-2-rasmdagi piyoda"",""3-rasmdagi piyoda"",""4-rasmdagi piyoda"",""Barcha rasmdagi piyoda""}","{""1-2-расмдаги пиёда"",""3-расмдаги пиёда"",""4-расмдаги пиёда"",""Барча расмдаги пиёда""}",1,https://ptest.uz/images/28ef276a-f9ce-489f-bdfc-e331b9616e8a.webp,Bilet 51-60,300,,,,
Kaysi yonalishda harakatlanish taqiqlanadi?,Кайси ёналишда ҳаракатланиш тақиқланади?,"{""Faqat chapga"",""O'nga, chapga va orkaga qayrilib olishga"",""Chapga va orkaga qayrilib olishga"",""Faqat to'riga""}","{""Фақат чапга"",""Ўнга, чапга ва оркага қайрилиб олишга"",""Чапга ва оркага қайрилиб олишга"",""Фақат тўрига""}",3,https://ptest.uz/images/c911939c-0c21-4f36-ab6b-71fda044af08.webp,Bilet 51-60,300,,,,
Kemiruvchi va sudralim yuruvchi hayvonlar qaysi javobda ko'rsatilgan?,Кемирувчи ва судралим юрувчи ҳайвонлар қайси жавобда кўрсатилган?,"{""1"",""2"",""3"",""4"",""1 va 3""}","{""1"",""2"",""3"",""4"",""1 ва 3""}",2,https://ptest.uz/images/b0e46724-2d96-4a8b-9da0-75f2abb8feab.webp,Bilet 51-60,300,,,,
Qaysi xaydovchi to'xtash qoidasini buzdi?,Қайси хайдовчи тўхташ қоидасини бузди?,"{""Engil avtomobil"",""Yuk avtomobil"",""Ikkisi ham buzmadi"",""Ikkisi ham buzdi""}","{""Енгил автомобил"",""Юк автомобил"",""Иккиси ҳам бузмади"",""Иккиси ҳам бузди""}",3,https://ptest.uz/images/c78af9bb-b6c7-49ac-a3c7-907f8d06d922.webp,Bilet 51-60,300,,,,
Yovvoyi hayvonlar belgisini ko'rsating:,Ёввойи ҳайвонлар белгисини кўрсатинг:,"{""1"",""2"",""3"",""4"",""2 va 4""}","{""1"",""2"",""3"",""4"",""2 ва 4""}",1,https://ptest.uz/images/dcb6b393-d6e7-41d1-9b5e-44d69a6061ab.webp,Bilet 51-60,300,,,,
Haydovchi qaysi rasmda qoidani buzmay to'xtagan?,Ҳайдовчи қайси расмда қоидани бузмай тўхтаган?,"{""Chapdagi rasmda"",""O'ngdagi rasmda"",""Har ikkila rasmda""}","{""Чапдаги расмда"",""Ўнгдаги расмда"",""Ҳар иккила расмда""}",2,https://ptest.uz/images/a30610ef-6aab-428e-b411-9060f80043d1.webp,Bilet 51-60,300,,,,
01.01.1981- yilgacha ishlab chiqarilgan engil avtomobillar uchun Qoidalar tormozlashning 40km/s tezlikda harakatlanish tartibida ishchi tormoz tizimining qanday samaradorlik meyoriga ruxsat berilgan?,01.01.1981- йилгача ишлаб чиқарилган енгил автомобиллар учун Қоидалар тормозлашнинг 40км/с тезликда ҳаракатланиш тартибида ишчи тормоз тизимининг қандай самарадорлик меёрига рухсат берилган?,"{""7,2 m"",""12,2 m"",""19,5 m"",""25 m"",""14,5 m""}","{""7,2 м"",""12,2 м"",""19,5 м"",""25 м"",""14,5 м""}",4,https://postimg.cc/Dmfk0bYv,Bilet 51-60,300,,,,
Bu yo'l belgisi qanday nomlanadi?,Бу ё’л белгиси қандай номланади?,"{""Piyodalarning yo'l yoqasidan yurishi mumkin bo'lgan hudud"",""Piyodalarning qatnov qismidan yurishi mumkin bo'lgan hudud"",""Piyodalarning trotuardan yurishi mumkin bo'lgan hudud""}","{""Пиёдаларнинг ё’л ёқасидан юриши мумкин бўлган ҳудуд"",""Пиёдаларнинг қатнов қисмидан юриши мумкин бўлган ҳудуд"",""Пиёдаларнинг тротуардан юриши мумкин бўлган ҳудуд""}",0,https://ptest.uz/images/caad4171-8dbc-410e-8db4-5cd3a7ffa40b.webp,Bilet 51-60,300,,,,
Ushbu svetofor tramvayga qaysi yo'nalishda harakatlanishga ruxsat beradi?,Ушбу светофор трамвайга қайси ё’налишда ҳаракатланишга рухсат беради?,"{""Faqat to'g'riga"",""Barcha yo'nalishlarga"",""Barcha yo'nalishlarda harakatlanish taqiqlanadi""}","{""Фақат тўғрига"",""Барча ё’налишларга"",""Барча ё’налишларда ҳаракатланиш тақиқланади""}",2,https://ptest.uz/images/7a04c1d5-2d79-46b5-bf31-20f9865df3cd.webp,Bilet 51-60,300,,,,
Bu belgi nimani bildiradi?,Бу белги нимани билдиради?,"{""Oldinda tirbandlik xakida borligidan"",""Navbat bilan utishni"",""Tuxtab turish joyiga borishni""}","{""Олдинда тирбандлик хакида борлигиданг"",""Навбат билан утишни"",""Тухтаб туриш жойига боришни""}",1,https://ptest.uz/images/998e3ccd-861c-4edc-b5d4-ab30117e01c8.webp,Bilet 51-60,300,,,,
Belgilardan qaysi biri er usti avtomobil quyish joyini bildiradi?,Белгилардан қайси бири ер усти автомобил қуйиш жойини билдиради?,"{""1"",""2"",""3""}","{""1"",""2"",""3""}",0,https://ptest.uz/images/b748639e-586c-4525-9043-c087f8afaf40.webp,Bilet 51-60,300,,,,
Qaysi yo'nalishda harakatlanish taqiqlangan?,Қайси ё’налишда ҳаракатланиш тақиқланган?,"{""Faqat to'g'riga va o'ngga"",""Faqat chapga"",""Faqat chapga va qayrilib olishga"",""Faqat qayrilib olishga"",""Barcha yo'nalishlarga""}","{""Фақат тўғрига ва ўнгга"",""Фақат чапга"",""Фақат чапга ва қайрилиб олишга"",""Фақат қайрилиб олишга"",""Барча ё’налишларга""}",3,https://ptest.uz/images/ce2c9911-2b97-4357-9df9-63558690fec7.webp,Bilet 51-60,300,,,,
Kursatilgan belgilardan qaysi biri bolalar deb nomlanadi?,Курсатилган белгилардан қайси бири болалар деб номланади?,"{""1"",""2"",""3""}","{""1"",""2"",""3""}",1,https://ptest.uz/images/3a5d555f-7da0-4b63-8d65-ceea955c3600.webp,Bilet 51-60,300,,,,
Kuyidagi belgilardan qaysi biri engil avtomobillar harakati deb nomlanadi?,Куйидаги белгилардан қайси бири енгил автомобиллар ҳаракати деб номланади?,"{""1"",""2"",""3"",""4""}","{""1"",""2"",""3"",""4""}",1,https://ptest.uz/images/117e89df-b09e-4428-9016-4aad62f497a6.webp,Bilet 51-60,300,,,,
Ogohlantiruvchi belgilarni toping,Огоҳлантирувчи белгиларни топинг,"{""Hammasi"",""1,2,4,5"",""4,5""}","{""Ҳаммаси"",""1,2,4,5"",""4,5""}",2,https://ptest.uz/images/f4e92a17-0b9e-423f-918a-06c5113dcc7a.webp,Bilet 51-60,300,,,,
Koidalarda nechta asosiy tushuncha va atamalardan foydalaniladi?,Коидаларда нечта асосий тушунча ва атамалардан фойдаланилади?,"{""65"",""56"",""77""}","{""65"",""56"",""77""}",2,https://postimg.cc/Dmfk0bYv,Bilet 51-60,300,,,,
Moped xaydovchisi majbur:,Мопед хайдовчиси мажбур:,"{""16 yoshga tulgan bulishi"",""Motoshlem kiyishlari va uni kadab olishlari"",""Kunduzgi vaktda xam yakinni yorituvchi chiroklarni yokib yurishi"",""Barcha sanab utilgan javoblar""}","{""16 ёшга тулган булиши"",""Мотошлем кийишлари ва уни кадаб олишлари"",""Кундузги вактда хам якинни ёритувчи чирокларни ёкиб юриши"",""Барча санаб утилган жавоблар""}",3,https://postimg.cc/Dmfk0bYv,Bilet 51-60,300,,,,
Bu taniklik belgisi urnatiladi:,Бу таниклик белгиси урнатилади:,"{""Vaktinchalik tamirlash ishlari olib borilayotgan yul kismlariga"",""Portlovchi va tez alangalanuvchi yukni tashiyotgan transport vositalariga"",""Xaydovchi staji 2 yildan kam bulgan xaydovchilar boshkarayot mexanik transport vositalari""}","{""Вактинчалик тамирлаш ишлари олиб борилаётган юл кисмларига"",""Портловчи ва тез алангаланувчи юкни ташиётган транспорт воситаларига"",""Хайдовчи стажи 2 йилдан кам булган хайдовчилар бошкараёт механик транспорт воситалари""}",2,https://ptest.uz/images/4ab8298e-4f70-430c-b5dd-e3040d328916.webp,Bilet 51-60,300,,,,
Ushbu belgi axoli punktlarida xavfli yul kismi boshlanishidan kancha masofa oldin urnatiladi?,Ушбу белги ахоли пунктларида хавфли юл кисми бошланишидан канча масофа олдин урнатилади?,"{""150-300 m"",""50-100 m"",""Xavfli yul kismi oldiga brnatiladi""}","{""150-300 м"",""50-100 м"",""Хавфли юл кисми олдига брнатилади""}",1,https://ptest.uz/images/a07b3a84-bc2f-4cd0-920f-b8d81e4e70db.webp,Bilet 51-60,300,,,,
Qaysi yotiq yo'l chizig'i avtomobil yo'llarida 3D kurinishidagi baland piyodalar utish joyini bildiradi?,Қайси ётиқ ё’л чизиғи автомобил ё’лларида 3Д куринишидаги баланд пиёдалар утиш жойини билдиради?,"{""«A»"",""«B»"",""«V»""}","{""«А»"",""«Б»"",""«В»""}",1,https://ptest.uz/images/259c42f7-5933-4793-81e2-6022ba5de545.webp,Bilet 51-60,300,,,,
Kaysi avtomobil xaydovchisi yul berishi kerak?,Кайси автомобил хайдовчиси юл бериши керак?,"{""Kuk avtomobil xaydovchisi"",""Yashil avtomobil xaydovchisi""}","{""Кук автомобил хайдовчиси"",""Яшил автомобил хайдовчиси""}",0,https://ptest.uz/images/a5c0b65e-3240-47f4-96c5-25611738bfb8.webp,Bilet 51-60,300,,,,
Ushbu belgi kanday nomlanadi?,Ушбу белги кандай номланади?,"{""Suniy notekislik"",""Majburiy sekinlanish"",""Baland piyodalar utish joyi""}","{""Суний нотекислик"",""Мажбурий секинланиш"",""Баланд пиёдалар утиш жойи""}",2,https://ptest.uz/images/c0a0c04c-f873-4e2c-95d4-1bd48a1b34fd.webp,Bilet 51-60,300,,,,
Tezkor va maxsus xizmatlarning transport vositalari yul xarakatining boshka katnashchilariga nisbatan imtiyozga ega bulishi uchun:,Тезкор ва махсус хизматларнинг транспорт воситалари юл харакатининг бошка катнашчиларига нисбатан имтиёзга ега булиши учун:,"{""Kuk yoki kizil yoxud kuk va kizil rangli yalt-yalt etuvchi mayokchalar yokilgan bulishi shart"",""maksus govushli ishora ekilgan"",""Xar ikkalasi yokilgan bulishi shart""}","{""Кук ёки кизил ёхуд кук ва кизил рангли ялт-ялт етувчи маёкчалар ёкилган булиши шарт"",""максус говушли ишора екилганг"",""Хар иккаласи ёкилган булиши шарт""}",2,https://postimg.cc/Dmfk0bYv,Bilet 51-60,300,,,,
"Kuyidagi tarif ""transport vositasi xarakatini 10 dakikagacha bulgan muddatga tuxtatish (xarakatsiz xolatga keltirish)"" kaysi atamaga tegishli?","Куйидаги тариф ""транспорт воситаси харакатини 10 дакикагача булган муддатга тухтатиш (харакатсиз холатга келтириш)"" кайси атамага тегишли?","{""Takiklanadi"",""Ruxsat beriladi"",""Yul berish"",""Tuxtab turish Kursatilgan xolatda kayrilib olishga ruxsat etiladimi?""}","{""Такикланади"",""Рухсат берилади"",""Юл бериш"",""Тухтаб туриш Курсатилган холатда кайрилиб олишга рухсат етиладими?""}",0,https://ptest.uz/images/cd41542d-2f5f-4362-b34c-646cd70277ca.webp,Bilet 51-60,300,,,,
Tramvay reelssiz transport vositalariga nisbatan imtiyozga ega bulmagan xolat:,Трамвай реелссиз транспорт воситаларига нисбатан имтиёзга ега булмаган холат:,"{""Depodan chiqishda"",""Depoga kirishda"",""Xar ikkisida imtiyozga ega"",""Xar ikkisida imtiyozga ega emas""}","{""Деподан чиқишда"",""Депога киришда"",""Хар иккисида имтиёзга ега"",""Хар иккисида имтиёзга ега емаш""}",0,https://postimg.cc/Dmfk0bYv,Bilet 51-60,300,,,,
Ushbu svetofor tramvayga kaysi yunalishda xarakatlanishga ruxsat beradi?,Ушбу светофор трамвайга кайси юналишда харакатланишга рухсат беради?,"{""Fakat turiga"",""Barcha yynalishlarga"",""Barcha yunalishlarda xarakatlanish takiklanadi""}","{""Факат турига"",""Барча ййналишларга"",""Барча юналишларда харакатланиш такикланади""}",2,https://ptest.uz/images/6cb468df-808d-4936-b8b0-14e9d3db508d.webp,Bilet 51-60,300,,,,
Qaysi yotiq yo'l chizig'i avtomobil yo'llarida 3D kurinishidagi piyodalar utish joyini bildiradi?,Қайси ётиқ ё’л чизиғи автомобил ё’лларида 3Д куринишидаги пиёдалар утиш жойини билдиради?,"{""«A»"",""«B»"",""«V»""}","{""«А»"",""«Б»"",""«В»""}",2,https://ptest.uz/images/131450e1-deca-4083-8d07-8cb0ed6144ac.webp,Bilet 51-60,300,,,,
Doimiy va vaktinchalik yul belgilari ma'no jixatidan bir birini inkor etganda kaysi biriga amal kilasiz?,Доимий ва вактинчалик юл белгилари ма’но жихатидан бир бирини инкор етганда кайси бирига амал киласиз?,"{""Doimiy iul belgisiga"",""Vaktinchalik iul belgisiga""}","{""Доимий иул белгисига"",""Вактинчалик иул белгисига""}",1,https://postimg.cc/Dmfk0bYv,Bilet 51-60,300,,,,
Ushbu vaziyatda kaysi transport vositasining xaydovchisi yul berishi kerak?,Ушбу вазиятда кайси транспорт воситасининг хайдовчиси юл бериши керак?,"{""Ok avtomobil xaydovchisi"",""Kizil avtomobil xaydovchisi""}","{""Ок автомобил хайдовчиси"",""Кизил автомобил хайдовчиси""}",1,https://ptest.uz/images/63b8e9f4-641b-4b4d-ab82-8377ea56920f.webp,Bilet 51-60,300,,,,
Kaysi belgilarda oyning juft kunlarida tuxtash mumkin,Кайси белгиларда ойнинг жуфт кунларида тухташ мумкинг,"{""Chapdagi rasmda"",""Ungdagi rasmda"",""Xar ikkisida mumkun""}","{""Чапдаги расмда"",""Унгдаги расмда"",""Хар иккисида мумкунг""}",2,https://ptest.uz/images/b8228bd3-39e8-4412-8972-3ef59958acfc.webp,Bilet 51-60,300,,,,
yo'naltirgichlar bilan kursatilgan kaysi yunalishlarda xarakat ruxsat etilgan?,ё’налтиргичлар билан курсатилган кайси юналишларда харакат рухсат етилган?,"{""Fakat tugriga"",""Fakat ungga"",""Fakat chapga"",""Fakat tugriga va ungga"",""Barcha iunalishlarga""}","{""Факат тугрига"",""Факат унгга"",""Факат чапга"",""Факат тугрига ва унгга"",""Барча иуналишларга""}",4,https://ptest.uz/images/c19277fc-de4e-4d00-9668-3f42537b9b2c.webp,Bilet 51-60,300,,,,
Ushbu vaziyatda kim yul berishi kerak?,Ушбу вазиятда ким юл бериши керак?,"{""Mikroavtobus xaydovchisi"",""Engil avtomobil xaydovchisi""}","{""Микроавтобус хайдовчиси"",""Енгил автомобил хайдовчиси""}",1,https://ptest.uz/images/8126d3eb-520b-467d-bcfb-9f13d04c1669.webp,Bilet 51-60,300,,,,
Kaysi yo'nalish buyicha burilish mumkin?,Кайси ё’налиш буйича бурилиш мумкин?,"{""Fakat «A»"",""Fakat «B»"",""Ikkala sanab utilgan xollarda""}","{""Fakat «А»"",""Fakat «Б»"",""Иккала санаб утилган холларда""}",0,https://ptest.uz/images/f85fb65b-3803-4274-9c8c-b0ffc9523971.webp,Bilet 51-60,300,,,,
Kaysi yotik yul chizigi baland piyodalar utish joyini bildiradi?,Кайси ётик юл чизиги баланд пиёдалар утиш жойини билдиради?,"{""«A»"",""«B»"",""«V»""}","{""«А»"",""«Б»"",""«В»""}",0,https://ptest.uz/images/5b67e4b0-3441-4958-b6f1-59407adb40f8.webp,Bilet 51-60,300,,,,
Koidalarda nechta asosiy tushuncha va atamalardan foydalaniladi?,Коидаларда нечта асосий тушунча ва атамалардан фойдаланилади?,"{""65"",""56"",""77""}","{""65"",""56"",""77""}",2,https://postimg.cc/Dmfk0bYv,Bilet 51-60,300,,,,
Ushbu transport vositasi kaysi yunalishda xarakatlanishiga ruxsat etiladi?,Ушбу транспорт воситаси кайси йуналишда харакатланишига рухсат этилади?,"{""Fakat tugriga"",""Tugriga va ungga"",""Fakat turiga va kayrilib olishga"",""Barcha yynalishlarga""}","{""Факат тугрига"",""Тугрига ва унгга"",""Факат турига ва кайрилиб олишга"",""Барча ййналишларга""}",2,https://ptest.uz/images/472e5b3e-0c6a-4b69-a13a-2f09c471181e.webp,Bilet 51-60,300,,,,
Asosiy yul:,Асосий йул:,"{""Fakat yukori chapdagi rasmda"",""Fakat yukori ungdagi rasmda"",""Yukoridagi ikkala rasmda"",""Barcha rasmlarda""}","{""Факат юкори чапдаги расмда"",""Факат юкори унгдаги расмда"",""Юкоридаги иккала расмда"",""Барча расмларда""}",2,https://ptest.uz/images/91bccd7d-63b0-4292-802b-763bfe5a952d.webp,Bilet 51-60,300,,,,
Kaysi rasmlarda kuvib utish kursatilgan?,Кайси расмларда кувиб утиш курсатилган?,"{""Fakat birinchi va ikkinchi rasmlarda"",""Fagat birinchi va uchinchi rasmlarda"",""Fakat birinchi, ikkinchi va turtinchi rasmlarda"",""Fagat birinchi rasmda"",""Barcha rasmlarda""}","{""Факат биринчи ва иккинчи расмларда"",""Фагат биринчи ва учинчи расмларда"",""Факат биринчи, иккинчи ва туртинчи расмларда"",""Фагат биринчи расмда"",""Барча расмларда""}",0,https://ptest.uz/images/e19080a4-cf1b-4bfd-8a58-4e0c31d273b5.webp,Bilet 51-60,300,,,,
"Kuyidagi 3.24. ""Yukori tezlik cheklangan"" yul belgisining tasirini kaysi belgilar bekor kiladi?","Куйидаги 3.24. ""Юкори тезлик чекланган"" йул белгисининг тасирини кайси белгилар бекор килади?","{""Fakat birinchisi"",""Fakat ikkinchisi"",""Fakat uchinchisi"",""Fakat turtinchisi"",""Barcha javoblar tugri""}","{""Факат биринчиси"",""Факат иккинчиси"",""Факат учинчиси"",""Факат туртинчиси"",""Барча жавоблар тугри""}",4,https://ptest.uz/images/bf42c02e-b87d-4c4a-b9e7-025f65a4912d.webp,Bilet 51-60,300,,,,
Ushbu transport vositasiga chorraxa orkali kaysi io'nalishlar buyicha xarakatlanishga ruxsat etiladi?,Ушбу транспорт воситасига чорраха оркали кайси иўналишлар буйича харакатланишга рухсат этилади?,"{""Fakat turiga va ungga"",""Fakat chapga va kayrilib olishga"",""Fakat ungga"",""Fakat tugriga"",""Barcha yo'nalishlarga""}","{""Факат турига ва унгга"",""Факат чапга ва кайрилиб олишга"",""Факат унгга"",""Факат тугрига"",""Барча йўналишларга""}",4,https://ptest.uz/images/cfcdde2d-dfda-4439-a58a-98d9b136f45f.webp,Bilet 51-60,300,,,,
Velosiped yulkasi bilan kesishuvga kanchadan kam masofa kolganda tuxtash takiklanadi?,Велосипед йулкаси билан кесишувга канчадан кам масофа колганда тухташ такикланади?,"{""10 metr"",""15 metr"",""30 metr""}","{""10 метр"",""15 метр"",""30 метр""}",0,https://postimg.cc/Dmfk0bYv,Bilet 51-60,300,,,,
Ushbu yotik yul chizigi kaysi gurux yul belgilarini takrorlaydi? Kaysi rasmda piyodalarning tashkiliy jamlanmasi yulning katnov kismida koidani buzmay xarakatlanmokda?,Ушбу ётик йул чизиги кайси гурух йул белгиларини такрорлайди? Кайси расмда пиёдаларнинг ташкилий жамланмаси йулнинг катнов кисмида коидани бузмай харакатланмокда?,"{""1"",""2"",""1,2"",""Axborot-kursatgich belgilarni""}","{""1"",""2"",""1,2"",""Ахборот-курсатгич белгиларни""}",0,https://ptest.uz/images/9384f840-4975-490a-98f1-c0e6d7ccf320.webp,Bilet 51-60,300,,,,
Kaysi belgi piyodalar utish joyini bildiradi?,Кайси белги пиёдалар утиш жойини билдиради?,"{""«A»"",""«B»"",""«V»""}","{""«А»"",""«Б»"",""«В»""}",1,https://ptest.uz/images/9d896908-9b80-4c1c-ac30-675258874747.webp,Bilet 51-60,300,,,,
Ushbu vaziyatda xaydovchilar birinchi temir yul iziga eng kamida necha metr kolganda tuxtashlari kerak?,Ушбу вазиятда хайдовчилар биринчи темир йул изига энг камида неча метр колганда тухташлари керак?,"{""3 metr"",""5 metr"",""10 metr""}","{""3 метр"",""5 метр"",""10 метр""}",2,https://ptest.uz/images/d0a04384-4c15-40c2-ab07-39cb65300595.webp,Bilet 51-60,300,,,,
Kaysi transport vositasining xaydovchisi axoli punktlarida tuxtash koidasini buzmokda?,Кайси транспорт воситасининг хайдовчиси ахоли пунктларида тухташ коидасини бузмокда?,"{""Sarik avtomobil xaydovchisi"",""Kuk avtomobil xaydovchisi"",""Xar ikkisi buzmadi"",""Xar ikkisi buzdi""}","{""Сарик автомобил хайдовчиси"",""Кук автомобил хайдовчиси"",""Хар иккиси бузмади"",""Хар иккиси бузди""}",2,https://ptest.uz/images/8077927b-c5b3-4493-93b3-971c24010b72.webp,Bilet 51-60,300,,,,
Kaysi rasmdagi xaydovchilar tuxtash koidasini buzdilar?,Кайси расмдаги хайдовчилар тухташ коидасини буздилар?,"{""1"",""2"",""3"",""1,2"",""1,3""}","{""1"",""2"",""3"",""1,2"",""1,3""}",4,https://ptest.uz/images/fb39bcf4-50dc-4940-bf75-7262c19e50e2.webp,Bilet 51-60,300,,,,
Ushbu kushimcha axborot belgisi kaysi yul belgisi bilan kullaniladi?,Ушбу кушимча ахборот белгиси кайси йул белгиси билан кулланилади?,"{""1"",""2"",""3"",""4""}","{""1"",""2"",""3"",""4""}",3,https://ptest.uz/images/b0295606-e47c-4269-bb90-ee5a7a4c30ea.webp,Bilet 51-60,300,,,,
Ushbu transport vosita kaysi toifaga kiradi?,Ушбу транспорт восита кайси тоифага киради?,"{""M1"",""M2"",""N1"",""O1""}","{""М1"",""М2"",""Н1"",""О1""}",0,https://ptest.uz/images/c7eadfdb-f6a6-4e86-bd42-d8a5059bf103.webp,Bilet 51-60,300,,,,
Ko'k rangli yalt-yalt etuvchi mayokchalari va maxsus tovushli ishorasi yokilgan maxsus transport vositasi chorraxani nechanchi bulib kesib utadi? Kaysi transport vositalariga yulovchilarni tushurishga ruxsat etiladi?,Кўк рангли ялт-ялт этувчи маёкчалари ва махсус товушли ишораси ёкилган махсус транспорт воситаси чоррахани нечанчи булиб кесиб утади? Кайси транспорт воситаларига йуловчиларни тушуришга рухсат этилади?,"{""«A»"",""«B»"",""«V»"",""Xech kaysi biriga""}","{""«А»"",""«Б»"",""«В»"",""Хеч кайси бирига""}",0,https://ptest.uz/images/3400c11c-1a30-43dd-873f-ef3fc1c93c53.webp,Bilet 51-60,300,,,,
Bu xavflilik belgisi kanday nomlanadi?,Бу хавфлилик белгиси кандай номланади?,"{""Oksidlovchi moddalar"",""Organik proksidlar"",""Tez alangalanadigan gazlar va suyukliklar""}","{""Оксидловчи моддалар"",""Органик проксидлар"",""Тез алангаланадиган газлар ва суюкликлар""}",1,https://ptest.uz/images/ab9e4293-df83-411e-aabd-250e8e8bd5ae.webp,Bilet 51-60,300,,,,
Ushbu belgi kanday nomlanadi?,Ушбу белги кандай номланади?,"{""Tuxtab turish joyi"",""Pullik tuxtab turish joyi"",""Yer usti avtomobil kuyish joyi"",""Yer osti avtomobil kuyish joyi""}","{""Тухтаб туриш жойи"",""Пуллик тухтаб туриш жойи"",""Ер усти автомобил куйиш жойи"",""Ер ости автомобил куйиш жойи""}",1,https://ptest.uz/images/24b45441-b8b7-4385-9722-e60ca8124fd6.webp,Bilet 51-60,300,,,,
Kizil avtomobil xaydovchisi kaysi yunalishlarda xarakatlanishiga ruxsat berilgan?,Кизил автомобил хайдовчиси кайси йуналишларда харакатланишига рухсат берилган?,"{""Fakat chapga"",""Chapga va kayrilib olishga"",""Turiga va chapga""}","{""Факат чапга"",""Чапга ва кайрилиб олишга"",""Турига ва чапга""}",1,https://ptest.uz/images/975b2d2b-a5f8-473b-8b23-0e5c90dd8040.webp,Bilet 51-60,300,,,,
Kuyidagi joyda tuxtashga ruxsat beriladimi?,Куйидаги жойда тухташга рухсат бериладими?,"{""Ruxsat beriladi"",""Takiklanadi"",""Tuxtagan transport vositasi bilan sidirga chizik orasidagi masofa 3 metrdan kup bulsa ruxsat beriladi""}","{""Рухсат берилади"",""Такикланади"",""Тухтаган транспорт воситаси билан сидирга чизик орасидаги масофа 3 метрдан куп булса рухсат берилади""}",1,https://ptest.uz/images/c2f01a27-cb1a-433e-ade0-3dcbc9440ec4.webp,Bilet 51-60,300,,,,
Imtiyoz belgilari qaysi joylarda harakatlanish navbatini belgilaydi?,Имтиёз бэлгилари қайси жойларда ҳаракатланиш навбатини бэлгилайди?,"{""Faqat chorrahalarda"",""Faqat yo Ining tor qismiarida"",""Har ikkala javob ham to'g'ri""}","{""Фақат чорраҳаларда"",""Фақат ё Ининг тор қисмиарида"",""Ҳар иккала жавоб ҳам тўғри""}",2,https://postimg.cc/Dmfk0bYv,Bilet 51-60,300,,,,
Yo'l harakat qoidalarida nechta bob va bandidan iborat?,Йўл ҳаракат қоидаларида нечта боб ва бандидан иборат?,"{""50 bob 300 band"",""37 bob 286 band"",""29 bob 186 band""}","{""50 боб 300 банд"",""37 боб 286 банд"",""29 боб 186 банд""}",2,https://postimg.cc/Dmfk0bYv,Bilet 51-60,300,,,,
Qaysi yo'l belgisi qayrilib olishga ruxsat beradi?,Қайси йўл белгиси қайрилиб олишга рухсат беради?,"{""Faqat 1 va 2"",""Faqat 2 va 3"",""Barchasi""}","{""Фақат 1 ва 2"",""Фақат 2 ва 3"",""Барчаси""}",0,https://ptest.uz/images/6ace49af-41d4-41f3-80cf-9b8b7a69d818.webp,Bilet 51-60,300,,,,
"Agar yo'l belgilari va chiziqlari boshqa yo'nalishni ko'rsatmagan bo'lsa, haydovchilar ajratuvchi bo'lagi bo'lmagan ikki tomonlama harakat tashkil etilgan yo'llardagi xavfsizlik orolchalari, ustunchalar va yo'l inshooti qismlari (ko'prik, yo'l o'tkazgich ustunlari va shunga o'xshashlar)ni qaysi tomondan aylanib o'tishlari kerak?","Агар йўл белгилари ва чизиқлари бошқа йўналишни кўрсатмаган бўлса, ҳайдовчилар ажратувчи бўлаги бўлмаган икки томонлама ҳаракат ташкил этилган йўллардаги хавфсизлик оролчалари, устунчалар ва йўл иншооти қисмлари (кўприк, йўл ўтказгич устунлари ва шунга ўхшашлар)ни қайси томондан айланиб ўтишлари керак?","{""Faqat o'ng tomondan aylanib o'tishlari kerak"",""Faqat chap tomondan aylanib o'tishlari kerak"",""Har ikkala tomondan aylanib o'tishlari kerak""}","{""Фақат ўнг томондан айланиб ўтишлари керак"",""Фақат чап томондан айланиб ўтишлари керак"",""Ҳар иккала томондан айланиб ўтишлари керак""}",0,https://postimg.cc/Dmfk0bYv,Bilet 51-60,300,,,,
Ushbu joyda quvib o'tishga ruxsat beriladimi?,Ушбу жойда қувиб ўтишга рухсат бериладими?,"{""Ruxsat beriladi"",""Oldindagi transport vositasi tezligi 40 km/s dan kam bo'lsa"",""Taqiqlanadi""}","{""Рухсат берилади"",""Олдиндаги транспорт воситаси тезлиги 40 км/с дан кам бўлса"",""Тақиқланади""}",2,https://ptest.uz/images/102a4f04-dfbc-4c4c-85b9-e10bc7672838.webp,Bilet 51-60,300,,,,
Ushbu chorrahada chapga burilishga ruxsat etiladimi?,Ушбу чорраҳада чапга бурилишга рухсат этиладими?,"{""Ruxsat etiladi"",""Taqiqlanadi""}","{""Рухсат этилади"",""Тақиқланади""}",0,https://ptest.uz/images/791fbff7-8d8e-4da1-b0cd-b9832e1a789b.webp,Bilet 51-60,300,,,,
Mexanik transport vositasining egasi yonida haydochilik guvohnomasi bo'lmaganida qanday hujjat bilan boshqarishga ruxsat etiladi?,Механик транспорт воситасининг эгаси ёнида ҳайдочилик гувоҳномаси бўлмаганида қандай ҳужжат билан бошқаришга рухсат этилади?,"{""Biometrik passport"",""ID karta"",""Egalik huquqi"",""Barcha javoblar to'g'ri"",""Birinchi va ikkinchi javoblar to'g'ri""}","{""Биометрик пасспорт"",""ID карта"",""Эгалик ҳуқуқи"",""Барча жавоблар тўғри"",""Биринчи ва иккинчи жавоблар тўғри""}",4,https://postimg.cc/Dmfk0bYv,Bilet 51-60,300,,,,
Chorrahadan to'g'riga harakatlanmochisiz – sizning harakatingiz:,Чорраҳадан тўғрига ҳаракатланмочисиз – сизнинг ҳаракатингиз:,"{""Birinchi o'taman"",""Avtobusga yo'l beraman""}","{""Биринчи ўтаман"",""Автобусга йўл бераман""}",1,https://ptest.uz/images/210b65cf-3fc9-45ce-87b2-fd5e1a531a6d.webp,Bilet 51-60,300,,,,
Qaysi avtomobil haydovchisiga burilishga ruxsat etilgan?,Қайси автомобил ҳайдовчисига бурилишга рухсат этилган?,"{""Har ikkisiga ruxsat etilgan"",""Oq avtomobil haydovchisiga"",""Har ikkisiga taqiqlangan"",""Qizil avtomobil haydovchisiga""}","{""Ҳар иккисига рухсат этилган"",""Оқ автомобил ҳайдовчисига"",""Ҳар иккисига тақиқланган"",""Қизил автомобил ҳайдовчисига""}",2,https://ptest.uz/images/eb1f97db-c762-41ff-83a5-77632659ae6c.webp,Bilet 51-60,300,,,,
Qaysi avtomobil haydovchisi qoidani buzib hovliga burildi?,Қайси автомобил ҳайдовчиси қоидани бузиб ҳовлига бурилди?,"{""Faqat oq avtomobil haydovchisi"",""Faqat sariq avtomobil haydovchisi"",""Hech qaysi buzmadi"",""Ikkisi ham buzdi""}","{""Фақат оқ автомобил ҳайдовчиси"",""Фақат сариқ автомобил ҳайдовчиси"",""Ҳеч қайси бузмади"",""Иккиси ҳам бузди""}",1,https://ptest.uz/images/5819031e-330c-416f-8cce-45112e43e718.webp,Bilet 51-60,300,,,,
Ushbu vaziyatda qaysi yo'nalishda harakatlanishingiz mumkin?,Ушбу вазиятда қайси йўналишда ҳаракатланишингиз мумкин?,"{""1, 3 va 4 yo'nalishlarda"",""1, 2 va 3 yo'nalishlarda"",""1 va 4 yo'nalishlarda"",""Barcha yo'nalishlarda""}","{""1, 3 ва 4 йўналишларда"",""1, 2 ва 3 йўналишларда"",""1 ва 4 йўналишларда"",""Барча йўналишларда""}",3,https://ptest.uz/images/4fffc189-754d-4768-b02f-feda1ab3284e.webp,Bilet 51-60,300,,,,
Haydovchi poezdni o'tkazib yuborishi uchun to'g'ri to'xtaganmi?,Ҳайдовчи поездни ўтказиб юбориши учун тўғри тўхтаганми?,"{""Ha"",""Yo'q""}","{""Ҳа"",""Йўқ""}",1,https://ptest.uz/images/c1706092-b024-4938-903c-4677f3478c78.webp,Bilet 51-60,300,,,,
Odamlarni quyidagi hollarda tashishga ruxsat etiladi:,Одамларни қуйидаги ҳолларда ташишга рухсат этилади:,"{""Tirkama-uychada"",""Yuk tashiladigan tirkamalarda"",""Taraktoriarda"",""Bolalarni yuk avtomobilining yukxonasida"",""Barcha hollarda tashish taqialanadi""}","{""Тиркама-уйчада"",""Юк ташиладиган тиркамаларда"",""Таракториарда"",""Болаларни юк автомобилининг юкхонасида"",""Барча ҳолларда ташиш тақиаланади""}",4,https://postimg.cc/Dmfk0bYv,Bilet 51-60,300,,,,
"Siz chorrahadan chapga burilmoqchisiz, kimga yo'l berishingiz kerak?","Сиз чорраҳадан чапга бурилмоқчисиз, кимга йўл беришингиз керак?","{""Mikroavtobusga"",""Traktorga"",""Ikkala transportga"",""Birinchi o'tish huquqiga egaman""}","{""Микроавтобусга"",""Тракторга"",""Иккала транспортга"",""Биринчи ўтиш ҳуқуқига эгаман""}",1,https://ptest.uz/images/4212e081-8996-40b2-b8ec-67e421458a21.webp,Bilet 51-60,300,,,,
Yo'naltirgichlar bilan ko'rsatilgan qaysi yo'nalishlarda harakat ruxsat etilgan? Transport vositalarini boshqarishni dastlabki o'rgatish (boshiang'ich mashg'ulot) qaerda amalga oshiriladi?,Йўналтиргичлар билан кўрсатилган қайси йўналишларда ҳаракат рухсат этилган? Транспорт воситаларини бошқаришни дастлабки ўргатиш (бошианғич машғулот) қаерда амалга оширилади?,"{""Avtomagistralda"",""Aholi punktlarida"",""Turar joy dahalarida"",""Yopiq maydonchalarda yoki avtodromiarda"",""Barcha yo'nalishlarga""}","{""Автомагистралда"",""Аҳоли пунктларида"",""Турар жой даҳаларида"",""Ёпиқ майдончаларда ёки автодромиарда"",""Барча йўналишларга""}",3,https://ptest.uz/images/37a1487c-958a-41f0-b51b-3255429946f8.webp,Bilet 51-60,300,,,,
Harakatlanish vaqtida velosipedchi bilan avtomobil yo'llari kesishganda kim yo'l berishi kerak?,Ҳаракатланиш вақтида велосипедчи билан автомобил йўллари кесишганда ким йўл бериши керак?,"{""Avtomobil"",""Velosipedchilar"",""O'zaro kelishib o'tishadi""}","{""Автомобил"",""Велосипедчилар"",""Ўзаро келишиб ўтишади""}",1,https://ptest.uz/images/2838aca2-745d-4749-89ea-cbd3e97b0ee6.webp,Bilet 51-60,300,,,,
Ushbu belgi qanday nomlanadi?,Ушбу белги қандай номланади?,"{""Piyodalarning harakati taqiqlangan"",""Individual harakatlanish vositalarini boshqarish taqiqlangan"",""Bolalar uchishi taqiqlangan"",""Ko'rsatilgan barcha javoblar to'g'ri""}","{""Пиёдаларнинг ҳаракати тақиқланган"",""Индивидуал ҳаракатланиш воситаларини бошқариш тақиқланган"",""Болалар учиши тақиқланган"",""Кўрсатилган барча жавоблар тўғри""}",1,https://ptest.uz/images/5991673f-1763-4d06-85ba-9d650ca12888.webp,Bilet 51-60,300,,,,
Ushbu kesishmadan o'ngga burilishga ruxsat beriladimi?,Ушбу кесишмадан ўнгга бурилишга рухсат бериладими?,"{""Taqiqlanadi"",""Ruxsat beriladi""}","{""Тақиқланади"",""Рухсат берилади""}",1,https://ptest.uz/images/67dc7acb-650a-49b6-8061-8c8ca282c25a.webp,Bilet 51-60,300,,,,
Faqat belgilangan yo'nalishli transport vositalariga qatnov qisimda ajratilgan tasmasida boshqa turdagi transport vositalari harakatlanishga ruhsat etiladimi?,Фақат белгиланган йўналишли транспорт воситаларига қатнов қисимда ажратилган тасмасида бошқа турдаги транспорт воситалари ҳаракатланишга руҳсат этиладими?,"{""Ruxsat etiladi"",""Taqiqlanadi"",""Faqat belgilangan yo'nalishli transport vositasining harakatlanish vaqti tugaganida ruhsat etiladi""}","{""Рухсат этилади"",""Тақиқланади"",""Фақат белгиланган йўналишли транспорт воситасининг ҳаракатланиш вақти тугаганида руҳсат этилади""}",2,https://postimg.cc/Dmfk0bYv,Bilet 51-60,300,,,,
Imtiyoz belgilari qaysi joylarda harakatlanish navbatini belgilaydi?,Имтиёз бэлгилари қайси жойларда ҳаракатланиш навбатини бэлгилайди?,"{""Faqat chorrahalarda"",""Faqat yo Ining tor qismiarida"",""Har ikkala javob ham to'g'ri""}","{""Фақат чорраҳаларда"",""Фақат ё Ининг тор қисмиарида"",""Ҳар иккала жавоб ҳам тўғри""}",2,https://postimg.cc/Dmfk0bYv,Bilet 51-60,300,,,,
Avtomobil qaysi yo'nalishda qayrilib olishiga ruxsat beriladi?,Автомобил қайси йўналишда қайрилиб олишига рухсат берилади?,"{""A yo'nalishga"",""B yo'nalishga"",""Har ikki yo'nalishda""}","{""А йўналишга"",""B йўналишга"",""Ҳар икки йўналишда""}",0,https://ptest.uz/images/0539a5d0-0c56-461a-aab8-914a4e933423.webp,Bilet 51-60,300,,,,
To'xtash deb nimaga aytiladi?,Тўхташ деб нимага айтилади?,"{""Transport vositasi harakatini 10 daqiqagacha bo'lgan muddatga to'xtatish (harakatsiz holatga keltirish)"",""Transport vositasiga yo'lovchilarni chiqarish yoki tushirish, yuk ortish yoki tushirish bilan bog'liq bo'lmagan hollarda harakatini 10 daqiqadan ko'proq vaqtga atayin to'xtatish""}","{""Транспорт воситаси ҳаракатини 10 дақиқагача бўлган муддатга тўхтатиш (ҳаракатсиз ҳолатга келтириш)"",""Транспорт воситасига йўловчиларни чиқариш ёки тушириш, юк ортиш ёки тушириш билан боғлиқ бўлмаган ҳолларда ҳаракатини 10 дақиқадан кўпроқ вақтга атайин тўхтатиш""}",0,https://postimg.cc/Dmfk0bYv,Bilet 51-60,300,,,,
Avtomobil haydovchisiga qaysi yo'nalish bo'yicha harakatlanishga ruxsat etiladi?,Автомобил ҳайдовчисига қайси йўналиш бўйича ҳаракатланишга рухсат этилади?,"{""O'ngga va chapga"",""Faqat chapga"",""Barcha yo'nalishlarga""}","{""Ўнгга ва чапга"",""Фақат чапга"",""Барча йўналишларга""}",1,https://ptest.uz/images/48ffe8f6-a129-4f95-8be0-9b203b134870.webp,Bilet 51-60,300,,,,
Quyidagi joyda sariq avtomobilga quvib o'tishga ruxsat beradimi?,Қуйидаги жойда сариқ автомобилга қувиб ўтишга рухсат берадими?,"{""Ruxsat beriladi"",""Taqiqlanadi""}","{""Рухсат берилади"",""Тақиқланади""}",0,https://ptest.uz/images/d5ba8920-2d0f-446a-a272-aab8671d27c1.webp,Bilet 51-60,300,,,,
Qaysi belgida haydovchiga quvib o'tish taqiqlangan?,Қайси белгида ҳайдовчига қувиб ўтиш тақиқланган?,"{""1 va 3"",""1 va 2"",""2 va 3"",""Hamma rasmda""}","{""1 ва 3"",""1 ва 2"",""2 ва 3"",""Ҳамма расмда""}",2,https://ptest.uz/images/5a75b446-af38-4193-80e7-358d1999d3dd.webp,Bilet 51-60,300,,,,
Quyidagi yo'l belgilaridan qaysilari qo'shimcha axborot belgilari hisoblanadi?,Қуйидаги йўл белгиларидан қайсилари қўшимча ахборот белгилари ҳисобланади?,"{""1 va 2 belgilar"",""2 va 3 belgila"",""Barcha belgilar""}","{""1 ва 2 белгилар"",""2 ва 3 белгила"",""Барча белгилар""}",1,https://ptest.uz/images/0211c51a-561b-43e2-858e-5cf9cfd70cfc.webp,Bilet 51-60,300,,,,
"Sariq mashina haydovchisi o'tib ketayotgan mashina orqasida to'xtagan bo'lsa, «STOP» belgisida ham to'xtashi kerakmi?","Сариқ машина ҳайдовчиси ўтиб кетаётган машина орқасида тўхтаган бўлса, «СТОП» белгисида ҳам тўхташи керакми?","{""Ha"",""Yo'q""}","{""Ҳа"",""Йўқ""}",0,https://ptest.uz/images/02c4b7a9-9b17-4543-be56-634e70d12267.webp,Bilet 51-60,300,,,,
Avtomobillar harakatlanayotgan qatnash qismida necha harakatlanish tasmasi bor?,Автомобиллар ҳаракатланаётган қатнаш қисмида неча ҳаракатланиш тасмаси бор?,"{""Bitta tasma"",""Ikkita tasma"",""Uchta tasma""}","{""Битта тасма"",""Иккита тасма"",""Учта тасма""}",1,https://ptest.uz/images/88680ff6-e951-4a00-85bd-f3c32d6d7f29.webp,Bilet 51-60,300,,,,
Avtomobil haydovchisi qaysi yo'nalishlarda harakatlanishga ruxsat beradi?,Автомобил ҳайдовчиси қайси йўналишларда ҳаракатланишга рухсат беради?,"{""Faqat A va B"",""Faqat B"",""Tolko A"",""Barchasi""}","{""Фақат А ва B"",""Фақат B"",""Только A"",""Барчаси""}",1,https://ptest.uz/images/7de83d8d-b5b4-492c-901c-2c46ec151471.webp,Bilet 51-60,300,,,,
Qaysi avtomobilga qayrilib olishga ruxsat beriladi?,Қайси автомобилга қайрилиб олишга рухсат берилади?,"{""Har ikkisiga"",""Sariq avtomobilga"",""Ko'k avtomobilga"",""Har ikki avtomobilga taqiqlanadi""}","{""Ҳар иккисига"",""Сариқ автомобилга"",""Кўк автомобилга"",""Ҳар икки автомобилга тақиқланади""}",3,https://ptest.uz/images/2cf36bf6-7229-4e0c-b042-d26abb7bb716.webp,Bilet 51-60,300,,,,
Chorrahadan o'tish navbatini ko'rsating:,Чорраҳадан ўтиш навбатини кўрсатинг:,"{""Velosiped, qizil avtomobil, oq avtomobil"",""Qizil avtomobil, oq avtomobil, velosiped"",""Velosiped, oq avtomobil, qizil avtomobil""}","{""Велосипед, қизил автомобил, оқ автомобил"",""Қизил автомобил, оқ автомобил, велосипед"",""Велосипед, оқ автомобил, қизил автомобил""}",2,https://ptest.uz/images/f79a79f8-9edc-4caa-b3d0-41cd71c4f861.webp,Bilet 51-60,300,,,,
Qaysi avtomobil chorrahada burilish qoidasini buzdi?,Қайси автомобил чорраҳада бурилиш қоидасини бузди?,"{""Qizil avtomobil"",""Ko'k avtomobil"",""Har ikkisi ham buzdi"",""Har ikkisi ham buzmagan""}","{""Қизил автомобиль"",""Кўк автомобиль"",""Ҳар иккиси ҳам бузди"",""Ҳар иккиси ҳам бузмаган""}",0,https://ptest.uz/images/57e02848-4d8c-42b0-a9d8-c49a17c1949b.webp,Bilet 51-60,300,,,,
Qaysi transport vositasi qoidani buzmoqda?,Қайси транспорт воситаси қоидани бузмоқда?,"{""Har ikkalasi buzmadi"",""Yashil buzdi"",""Har ikkalasi buzdi"",""Oq buzdi""}","{""Ҳар иккаласи бузмади"",""Яшил бузди"",""Ҳар иккаласи бузди"",""Оқ бузди""}",2,https://ptest.uz/images/36c34e9c-4014-4ea2-bd9c-7e1e6791c276.webp,Bilet 51-60,300,,,,
Bir yo'nalishda harakatlanayotgan (burilishga kirishmagan) relssiz transport vositasidan o'zib ketishga ruxsat beriladi:,Бир йўналишда ҳаракатланаётган (бурилишга киришмаган) релссиз транспорт воситасидан ўзиб кетишга рухсат берилади:,"{""Faqat chap tomondan"",""Faqat o'ng tomondan"",""Har ikki tomondan""}","{""Фақат чап томондан"",""Фақат ўнг томондан"",""Ҳар икки томондан""}",2,https://postimg.cc/Dmfk0bYv,Bilet 51-60,300,,,,
O'quv muddati yakunida “A” toifadagi mototransport vositasini boshqarish huquqiga ega bo'lish uchun necha yoshga to'lgan shaxslarga imtihonlar topshirishga ruxsat etiladi?,Ўқув муддати якунида “А” тоифадаги мототранспорт воситасини бошқариш ҳуқуқига эга бўлиш учун неча ёшга тўлган шахсларга имтиҳонлар топширишга рухсат этилади?,"{""17 yoshga"",""16 yoshga"",""14 yoshga"",""18 yoshga"",""15 yoshga""}","{""17 ёшга"",""16 ёшга"",""14 ёшга"",""18 ёшга"",""15 ёшга""}",1,https://ptest.uz/images/b4f8957d-937e-405b-bed1-b4d894051dee.webp,Bilet 51-60,300,,,,
Qaysi avtomobil haydovchisi svetaforning taqiqlovchi ishorasida to'g'ri to'xtadi? Rasmda ko'rsatilgan vaziyatda qizil avtomobil haydovchisi harakatni davom ettirish kerakmi?,Қайси автомобил ҳайдовчиси светафорнинг тақиқловчи ишорасида тўғри тўхтади? Расмда кўрсатилган вазиятда қизил автомобил ҳайдовчиси ҳаракатни давом эттириш керакми?,"{""Ha"",""Yo'q"",""Har ikkala rasmd""}","{""Ҳа"",""Йўқ"",""Ҳар иккала расмд""}",0,https://ptest.uz/images/63ecd59d-5add-456a-964d-72963d4fd296.webp,Bilet 51-60,300,,,,
To'xtab turish deb nimaga aytiladi?,Тўхтаб туриш деб нимага айтилади?,"{""Transport vositasi harakatini 10 daqiqagacha bo'lgan muddatga to'xtatish (harakatsiz holatga keltirish)"",""Transport vositasiga yo'lovchilarni chiqarish yoki tushirish, yuk ortish yoki tushirish bilan bog'liq bo'lmagan hollarda harakatini 10 daqiqadan ko'proq vaqtga atayin to'xtatish""}","{""Транспорт воситаси ҳаракатини 10 дақиқагача бўлган муддатга тўхтатиш (ҳаракатсиз ҳолатга келтириш)"",""Транспорт воситасига йўловчиларни чиқариш ёки тушириш, юк ортиш ёки тушириш билан боғлиқ бўлмаган ҳолларда ҳаракатини 10 дақиқадан кўпроқ вақтга атайин тўхтатиш""}",1,https://postimg.cc/Dmfk0bYv,Bilet 51-60,300,,,,
Qaysi yo'nalishda qayrilib olishga ruxsat beradi?,Қайси йўналишда қайрилиб олишга рухсат беради?,"{""Faqat A va C"",""Faqat C"",""Faqat B"",""Barchasi""}","{""Фақат А ва C"",""Фақат C"",""Фақат B"",""Барчаси""}",1,https://ptest.uz/images/a5cc88b2-f006-4c82-9da8-58da09835839.webp,Bilet 51-60,300,,,,
Qaysi yo'nalish bo'yicha harakatlanishga ruxsat berilgan?,Қайси йўналиш бўйича ҳаракатланишга рухсат берилган?,"{""A va B"",""B va C"",""Hamma yo'nalishlarga""}","{""А ва Б"",""Б ва Ч"",""Ҳамма йўналишларга""}",1,https://ptest.uz/images/c180fe67-11a2-48a6-b2d2-0ef111c3fcb1.webp,Bilet 51-60,300,,,,
Avtomobillarga qaysi yo'nalishlarda harakatlanishga ruxsat beriladi?,Автомобилларга қайси йўналишларда ҳаракатланишга рухсат берилади?,"{""Qizilga chapga, ko'kka taqiqlaydi"",""Ko'kka to'g'riga, qizilga chapga"",""Har ikkisiga ham ko'rsatilgan yo'nalishlarda ruxsat beriladi"",""Qizilga ruxsat beriladi, ko'kka o'nga taqiqlangan""}","{""Қизилга чапга, кўкка тақиқлайди"",""Кўкка тўғрига, қизилга чапга"",""Ҳар иккисига ҳам кўрсатилган йўналишларда рухсат берилади"",""Қизилга рухсат берилади, кўкка ўнга тақиқланган""}",2,https://ptest.uz/images/0874fde1-99cd-40e1-9470-28f638645c76.webp,Bilet 51-60,300,,,,
Chapga burilish sizga qaysi traektoriya bo'yicha amalga oshirishga ruxsat etiladi?,Чапга бурилиш сизга қайси траектория бўйича амалга оширишга рухсат этилади?,"{""Faqat A traektoriya bo'yicha"",""Ko'rsatilgan traektoriyalardan istalgan biri bo'yicha"",""Faqat B traektoriya bo'yicha""}","{""Фақат А траектория бўйича"",""Кўрсатилган траекториялардан исталган бири бўйича"",""Фақат B траектория бўйича""}",2,https://ptest.uz/images/70c34207-e3f4-47a1-8a44-bec0a64be006.webp,Bilet 51-60,300,,,,
"Qaysi javobda ""avariya holatini yuzaga keltirish"" atamasi tarifi to'g'ri ko'rsatilgan?","Қайси жавобда ""авария ҳолатини юзага келтириш"" атамаси таърифи тўғри кўрсатилган?","{""Yo'l-transport hodisalarining kelib chiqish sabablarining oldini olishga, ularning og'ir oqibatlarini kamaytirishga qaratilgan faoliyat"",""Yo'l harakatining boshqa qatnashchilarini harakat yo'nalishi yoki tezligini keskin o'zgartirishga, shuningdek, o'z xavfsizligini yoxud boshqa fuqarolar xavfsizligini taminlash uchun o'zga choralarni ko'rishga majbur qilish""}","{""Йўл-транспорт ҳодисаларининг келиб чиқиш сабабларининг олдини олишга, уларнинг оғир оқибатларини камайтиришга қаратилган фаолият"",""Йўл ҳаракатининг бошқа қатнашчиларини ҳаракат йўналиши ёки тезлигини кескин ўзгартиришга, шунингдек, ўз хавфсизлигини ёхуд бошқа фуқаролар хавфсизлигини таъминлаш учун ўзга чораларни кўришга мажбур қилиш""}",1,https://postimg.cc/Dmfk0bYv,Bilet 51-60,300,,,,
Velosipeddan foydalanishda yo'lovchi tashish qaysi hollarda ruxsat etiladi?,Велосипеддан фойдаланишда йўловчи ташиш қайси ҳолларда рухсат этилади?,"{""Faqat 7 yoshgacha bo'lgan bolalarni maxsus o'rindiqda tashish mumkin"",""Faqat kattalar uchun ruxsat etiladi"",""Har qanday yo'lovchini tashish mumkin"",""Hech qachon ruxsat etilmaydi""}","{""Фақат 7 ёшгача бўлган болаларни махсус ўриндиқда ташиш мумкин"",""Фақат катталар учун рухсат этилади"",""Ҳар қандай йўловчини ташиш мумкин"",""Ҳеч қачон рухсат этилмайди""}",0,https://postimg.cc/Dmfk0bYv,Bilet 51-60,300,,,,
Harakat tezligi 40 km/soatdan oshmaydigan transport vositasiga qatnov qismining o'ng qatoridan chiqishga qachon ruxsat etiladi?,Ҳаракат тезлиги 40 км/соатдан ошмайдиган транспорт воситасига қатнов қисмининг ўнг қаторидан чиқишга қачон рухсат этилади?,"{""Aylanib o'tishda"",""Chapga burilish yoki qayrib olish uchun qayta tizilishda"",""Barcha sanab o'tilgan hollarda""}","{""Айланиб ўтишда"",""Чапга бурилиш ёки қайриб олиш учун қайта тизилишда"",""Барча санаб ўтилган ҳолларда""}",2,https://postimg.cc/Dmfk0bYv,Bilet 51-60,300,,,,
"Svetoforning asosiy yashil ishorasiga yo'naltirgich (yo'naltirgichlar)ning shakli tushirilgan bo'lsa, haydovchilarga nima haqida axborot beradi?","Светофорнинг асосий яшил ишорасига йўналтиргич (йўналтиргичлар)нинг шакли туширилган бўлса, ҳайдовчиларга нима ҳақида ахборот беради?","{""Yaqin orada yashil ishorasi yonishi haqida axborot beradi"",""Svetoforning qo'shimcha tarmog'i borligi haqida axborot beradi"",""Svetofor ishlamayotganligi to'g'risida axborot beradi""}","{""Яқин орада яшил ишораси ёниши ҳақида ахборот беради"",""Светофорнинг қўшимча тармоғи борлиги ҳақида ахборот беради"",""Светофор ишламаётганлиги тўғрисида ахборот беради""}",1,https://postimg.cc/Dmfk0bYv,Bilet 51-60,300,,,,
Yo'nalishli transport vositalariga bekatlardan tashqari joylarda yo'lovchi olish va tushirishga (yo'nalishli taksilar bundan mustasno) ruxsat etiladimi?,Йўналишли транспорт воситаларига бекатлардан ташқари жойларда йўловчи олиш ва туширишга (йўналишли таксилар бундан мустасно) рухсат этиладими?,"{""Ruxsat etiladi"",""Taqiqlanadi""}","{""Рухсат этилади"",""Тақиқланади""}",1,https://postimg.cc/Dmfk0bYv,Bilet 51-60,300,,,,
Qizil avtomobil kimga yo'l berishi kerak?,Қизил автомобил кимга йўл бериши керак?,"{""Yuk mashinasiga"",""Traktorga"",""Hech kimga""}","{""Юк машинасига"",""Тракторга"",""Ҳеч кимга""}",2,https://ptest.uz/images/43a3c267-a986-47d8-9279-ebdfc5973d68.webp,Bilet 51-60,300,,,,
Qaysi avtomobil haydovchisi yo'l berishi kerak?,Қайси автомобиль ҳайдовчиси йўл бериши керак?,"{""Qizil avtomobil"",""Ko'k avtomobil""}","{""Қизил автомобиль"",""Кўк автомобиль""}",0,https://ptest.uz/images/ba15ab5a-6365-4913-a0f3-320af7e05090.webp,Bilet 51-60,300,,,,
Ushbu avtomobil qaysi yo'nalishlarda harakatlanishga ruxsat beriladi?,Ушбу автомобиль қайси йўналишларда ҳаракатланишга рухсат берилади?,"{""Barcha yo'nalishlarda"",""Birinchi, ikkinchi va uchinchi yo'nalishlarda"",""Birinchi, uchinchi va to'rtinchi yo'nalishlarda"",""Faqat birinchi""}","{""Барча йўналишларда"",""Биринчи, иккинчи ва учинчи йўналишларда"",""Биринчи, учинчи ва тўртинчи йўналишларда"",""Фақат биринчи""}",2,https://ptest.uz/images/1309ffbe-dd55-48b9-9614-a83b58702e1f.webp,Bilet 51-60,300,,,,
Avtobus haydovchisiga bu joyda odam tushirishga ruxsat etiladimi?,Автобус ҳайдовчисига бу жойда одам туширишга рухсат этиладими?,"{""Ruxsat etiladi"",""Taqiqlanadi"",""Agar avtobus belgilangan yo'nalishli bo'lsa ruxsat etiladi""}","{""Рухсат этилади"",""Тақиқланади"",""Агар автобус белгиланган йўналишли бўлса рухсат этилади""}",1,https://ptest.uz/images/5963219d-d906-4573-b4b7-53b04fe4e3c9.webp,Bilet 51-60,300,,,,
Qaysi transport vositalari o'ngga harakatlanishga ruxsat etiladi?,Қайси транспорт воситалари ўнгга ҳаракатланишга рухсат этилади?,"{""Har ikkalaga"",""Tramvayga"",""Yengil avtomobilga""}","{""Ҳар иккалага"",""Трамвайга"",""Енгил автомобилга""}",2,https://ptest.uz/images/04a6d7ae-2abb-4962-84fc-d70bbba171bc.webp,Bilet 51-60,300,,,,
Ushbu avtomobilga ko'rsatilgan yo'nalishlardan qaysi biriga harakatlanishga ruxsat etiladi?,Ушбу автомобилга кўрсатилган йўналишлардан қайси бирига ҳаракатланишга рухсат этилади?,"{""Faqat qayrilib olishga"",""Faqat chapga"",""Ikkala yo'nalishga ham harakatlanish taqiqlanadi"",""Ikkala yo'nalishga ham harakatlanishga ruxsat etiladi""}","{""Фақат қайрилиб олишга"",""Фақат чапга"",""Иккала йўналишга ҳам ҳаракатланиш тақиқланади"",""Иккала йўналишга ҳам ҳаракатланишга рухсат этилади""}",3,https://ptest.uz/images/bf921d6c-ac5a-4455-b7d9-c983611613d7.webp,Bilet 51-60,300,,,,
Avtomobilga qaysi yo'nalishlarda harakatlanishga ruxsat etiladi?,Автомобилга қайси йўналишларда ҳаракатланишга рухсат этилади?,"{""1-yo'nalishda"",""2-yo'nalishda"",""Har ikkisiga ham ruxsat beriladi""}","{""1-йўналишда"",""2-йўналишда"",""Ҳар иккисига ҳам рухсат берилади""}",0,https://ptest.uz/images/4a7328fa-5b7b-4133-8438-23615f4783b4.webp,Bilet 51-60,300,,,,
Avtomobil haydovchisi qaysi yo'nalish bo'yicha qoidani buzib burilmoqda?,Автомобил ҳайдовчиси қайси йўналиш бўйича қоидани бузиб бурилмоқда?,"{""A"",""B"",""Har ikki yo'nalish bo'yicha qoidani buzmoqda"",""Har ikki yo'nalish bo'yicha qoidani buzmayapti""}","{""А"",""Б"",""Ҳар икки йўналиш бўйича қоидани бузмоқда"",""Ҳар икки йўналиш бўйича қоидани бузмаяпти""}",2,https://ptest.uz/images/9accd329-2a1c-4f56-9306-8b76d719f5b4.webp,Bilet 51-60,300,,,,
Qaysi yo'nalishlarda harakat qilish mumkin?,Қайси йўналишларда ҳаракат қилиш мумкин?,"{""Barcha yo'nalishlarda harakatlanishga ruxsat etiladi"",""Chapga va orqaga qaytish (qayrilib olish)"",""Chapga"",""To'g'riga va chapga"",""Barcha yo'nalishlarda harakatlanish taqiqlanadi""}","{""Барча йўналишларда ҳаракатланишга рухсат этилади"",""Чапга ва орқага қайтиш (қайрилиб олиш)"",""Чапга"",""Тўғрига ва чапга"",""Барча йўналишларда ҳаракатланиш тақиқланади""}",2,https://ptest.uz/images/9c99a446-4798-428d-b95c-d58c6ca18dc5.webp,Bilet 51-60,300,,,,
Aholi punktlaridan tashqarida qaysi avtomobil to'xtab turish qoidasini buzmadi?,Aҳоли пунктларидан ташқарида қайси автомобиль тўхтаб туриш қоидасини бузмади?,"{""Qizil avtomobil"",""Yashil avtomobil"",""Qizil va yashil avtomobil"",""Barcha avtomobillar to'xtab turish qoidasini buzdi"",""Ko'k avtomobil""}","{""Қизил автомобиль"",""Яшил автомобиль"",""Қизил ва яшил автомобиль"",""Барча автомобиллар тўхтаб туриш қоидасини бузди"",""Кўк автомобиль""}",0,https://ptest.uz/images/53e5e415-b698-4de1-833e-dea54bbfa153.webp,Bilet 51-60,300,,,,
Qaysi rasmda sariq avtomobil haydovchisi qizil avtomobilga yo'l berishi kerak?,Қайси расмда сариқ автомобил ҳайдовчиси қизил автомобилга йўл бериши керак?,"{""Birinchi rasmda"",""Ikkinchi rasmda"",""Ikkala rasmda""}","{""Биринчи расмда"",""Иккинчи расмда"",""Иккала расмда""}",2,https://ptest.uz/images/246c9768-157e-444e-87d6-db04a82492d9.webp,Bilet 51-60,300,,,,
Yengil avtomobil qaysi yo'nalish bo'yicha to'g'ri burilmoqda?,Енгил автомобил қайси йўналиш бўйича тўғри бурилмоқда?,"{""1"",""1 va 2"",""2""}","{""1"",""1 ва 2"",""2""}",0,https://ptest.uz/images/93ae0751-1eda-4afa-a641-c2a5cd17863d.webp,Bilet 51-60,300,,,,
Individual harakatlanish vositalarini necha yoshdan boshqarishga ruxsat beriladi?,Индивидуал ҳаракатланиш воситаларини неча ёшдан бошқаришга рухсат берилади?,"{""12"",""14"",""16""}","{""12"",""14"",""16""}",1,https://postimg.cc/Dmfk0bYv,Bilet 51-60,300,,,,
Yuk avtomobiliga qaysi yo'nalishlar bo'yicha harakatlanishga ruxsat etiladi?,Юк автомобилига қайси йўналишлар бўйича ҳаракатланишга рухсат этилади?,"{""Faqat chapga"",""Chapga va qayrilib olishga"",""To'g'riga va chap""}","{""Фақат чапга"",""Чапга ва қайрилиб олишга"",""Тўғрига ва чап""}",0,https://ptest.uz/images/a4f79cb0-44e7-4972-8474-a62263334ea8.webp,Bilet 51-60,300,,,,
Yo'l chiziqlari nechta guruhdan iborat?,Йўл чизиқлари нэчта гуруҳдан иборат?,"{""2 ta"",""3 ta"",""4 ta""}","{""2 та"",""3 та"",""4 та""}",0,https://postimg.cc/Dmfk0bYv,Bilet 51-60,300,,,,
"Yondosh hududlardan yo'lga chiqish joylarida yoki yo'lning dala, o'rmon yo'llari va boshqa doimiy harakatlanish, o'tib ketish uchun mo'ljallanmagan yo'llar bilan kesishgan (tutashgan) joylarida, ularning oldida tegishli belgillar o'rnatilmagan bo'lsa, bu belgillarning tasiri yo'qoladimi?","Ёндош ҳудудлардан йўлга чиқиш жойларида ёки йўлнинг дала, ўрмон йўллари ва бошқа доимий ҳаракатланиш, ўтиб кетиш учун мўлжалланмаган йўллар билан кесишган (туташган) жойларида, уларнинг олдида тегишли белгиллар ўрнатилмаган бўлса, бу белгилларнинг таъсири йўқоладими?","{""Yo'qoladi"",""Yo'qolmaydi""}","{""Йўқолади"",""Йўқолмайди""}",1,https://ptest.uz/images/e0cc8d5d-e1d3-480a-95aa-bd986e907117.webp,Bilet 51-60,300,,,,
Qaysi belgida qayrilishga ruxsat etiladi?,Қайси белгида қайрилишга рухсат этилади?,"{""B"",""C"",""A"",""A, B, C""}","{""Б"",""Ч"",""А"",""А, Б, Ч""}",3,https://ptest.uz/images/b6578efe-8aed-4a2d-ad3e-5495b2d7399d.webp,Bilet 51-60,300,,,,
Qizil avtomobil qaysi yo'nalishlarda qayrilib olishga ruxsat beriladi?,Қизил автомобил қайси йўналишларда қайрилиб олишга рухсат бэрилади?,"{""Birinchi yo'nalishda"",""Ikkinchi yo'nalishda"",""Ikkala yo'nalishlarda ham qayrilib olish taqiqlangan""}","{""Биринчи йўналишда"",""Иккинчи йўналишда"",""Иккала йўналишларда ҳам қайрилиб олиш тақиқланган""}",2,https://ptest.uz/images/3e79283e-6181-4c28-9c43-ebdfc6fae719.webp,Bilet 51-60,300,,,,
Qaysi avtomobil haydovchisi qoidani buzmay harakatlanmoqda?,Қайси автомобил ҳайдовчиси қоидани бузмай ҳаракатланмоқда?,"{""Chapdagi rasmda"",""O'ngdagi rasmda"",""Ikkala rasmda""}","{""Чапдаги расмда"",""Ўнгдаги расмда"",""Иккала расмда""}",0,https://ptest.uz/images/03e2dc56-2b3d-41a9-bd1f-e63d1e5b5caf.webp,Bilet 51-60,300,,,,
Qaysi Javobda belgining nomi to'g'ri ko'rsatilgan?,Қайси Жавобда белгининг номи тўғри кўрсатилган?,"{""Otda yurish yo'li"",""Otda harakatlanish"",""Otda yurish taqiqlanadi""}","{""Отда юриш йўли"",""Отда ҳаракатланиш"",""Отда юриш тақиқланади""}",0,https://ptest.uz/images/b03f33d9-6a4f-4f5d-b7d5-a386751822ed.webp,Bilet 51-60,300,,,,
Qizil avtomobil haydovchisi yaqinlashib kelayotgan poezdini o'tkazib yuborish uchun to'g'ri to'xtadimi?,Қизил автомобиль ҳайдовчиси яқинлашиб келаётган поездини ўтказиб юбориш учун тўғри тўхтадими?,"{""To'g'ri to'xtadi"",""Noto'g'ri to'xtadi""}","{""Тўғри тўхтади"",""Нотўғри тўхтади""}",1,https://ptest.uz/images/01c8d40f-7da7-4d86-ac75-514f428b0fe3.webp,Bilet 51-60,300,,,,
Miniladigan uy hayvonlarini boshqarishga necha yoshdan ruxsat etiladi?,Миниладиган уй ҳайвонларини бошқаришга нэча ёшдан рухсат этилади?,"{""12 yosh"",""14 yosh"",""16 yosh"",""18 yosh""}","{""12 ёш"",""14 ёш"",""16 ёш"",""18 ёш""}",1,https://postimg.cc/Dmfk0bYv,Bilet 51-60,300,,,,
Velosipedni boshqarishga necha yoshdan ruxsat etiladi?,Вэлосипэдни бошқаришга нэча ёшдан рухсат этилади?,"{""12 yosh"",""14 yosh"",""16 yosh"",""18 yosh""}","{""12 ёш"",""14 ёш"",""16 ёш"",""18 ёш""}",1,https://postimg.cc/Dmfk0bYv,Bilet 51-60,300,,,,
Qaysi yo'nalish bo'yicha chapga burilishga ruxsat etiladi?,Қайси йўналиш бўйича чапга бурилишга рухсат этилади?,"{""Faqat 1-yo'nalish"",""Faqat 2-yo'nalish"",""Har ikki yo'nalishlarga taqiqlanadi"",""Barcha yo'nalishlarga""}","{""Фақат 1-йўналиш"",""Фақат 2-йўналиш"",""Ҳар икки йўналишларга тақиқланади"",""Барча йўналишларга""}",1,https://ptest.uz/images/4b51ccce-7b63-4801-9ee3-42d9ebe3c0a5.webp,Bilet 51-60,300,,,,
Qaysi transport vositasi o'ngga to'g'ri burilmoqda?,Қайси транспорт воситаси ўнгга тўғри бурилмоқда?,"{""Mototsikl"",""Sariq va yashil avtomobil"",""Oq avtomobil"",""Barchasi to'g'ri burilmoqda""}","{""Мотоцикл"",""Сариқ ва яшил автомобил"",""Оқ автомобил"",""Барчаси тўғри бурилмоқда""}",2,https://ptest.uz/images/ff0d8931-b99e-467a-a965-18abaccea217.webp,Bilet 51-60,300,,,,
Qaysi transport vositasi o'ngga to'g'ri burilmoqda?,Қайси транспорт воситаси ўнгга тўғри бурилмоқда?,"{""Oq va sariq avtomobil"",""Qizil va oq avtomobil"",""Sariq va yashil avtomobil"",""Oq avtomobil"",""Barcha avtomobillar""}","{""Оқ ва сариқ автомобил"",""Қизил ва оқ автомобил"",""Сариқ ва яшил автомобил"",""Оқ автомобил"",""Барча автомобиллар""}",3,https://ptest.uz/images/fbfb68e9-1509-4c2e-a649-c468942b7b88.webp,Bilet 51-60,300,,,,
"Aholi yashash joylaridan tashqaridagi ikki tomonlama harakat tashkil etilgan ikki tasmali yo'llarda tezligini soatiga 50 kilometrdan oshirishi mumkin bo'lmagan, shuningdek, uzunligi 7 metrdan ortiq bo'lgan transport vositalarining (transport vositalarining tarkibi) haydovchilari o'zi va oldida harakatlanayotgan transport vositasi orasida qancha masofani saqlashlari kerak?","Аҳоли яшаш жойларидан ташқаридаги икки томонлама ҳаракат ташкил этилган икки тасмали йўлларда тэзлигини соатига 50 киломэтрдан ошириши мумкин бўлмаган, шунингдэк, узунлиги 7 мэтрдан ортиқ бўлган транспорт воситаларининг (транспорт воситаларининг таркиби) ҳайдовчилари ўзи ва олдида ҳаракатланаётган транспорт воситаси орасида қанча масофани сақлашлари кэрак?","{""3 metr"",""5 metr"",""Haydovchi o'zidan oldinda harakatlanayotgan transport vositasi keskin tormoz berganda, to'qnashib ketmaslik kafolatini beradigan darajadagi oraliq masofani"",""Ularni quvib o'tayotgan transport vositalari oldin egallagan qatoriga bemalol qayta tizilishi uchun imkon beradigan masofani saqlashlari kerak""}","{""3 мэтр"",""5 мэтр"",""Ҳайдовчи ўзидан олдинда ҳаракатланаётган транспорт воситаси кэскин тормоз бэрганда, тўқнашиб кэтмаслик кафолатини бэрадиган даражадаги оралиқ масофани"",""Уларни қувиб ўтаётган транспорт воситалари олдин эгаллаган қаторига бэмалол қайта тизилиши учун имкон бэрадиган масофани сақлашлари кэрак""}",3,https://postimg.cc/Dmfk0bYv,Bilet 51-60,300,,,,
Ushbu belgi nimani bildiradi?,Ушбу белги нимани билдиради?,"{""Tik balandlik"",""Tik nishablik""}","{""Тик баландлик"",""Тик нишаблик""}",0,https://ptest.uz/images/4a89a429-0e06-40aa-b6a6-e62cefe07d5d.webp,Bilet 51-60,300,,,,
Velosipedchilarga velosiped yo'lkasi bo'lganda qatnov qismidan harakatlanishga ruxsat etiladimi?,Велосипедчиларга велосипед йўлкаси бўлганда қатнов қисмидан ҳаракатланишга рухсат этиладими?,"{""Ruxsat etiladi"",""Boshqa harakat qatnashchilariga xalaqit bermasa ruxsat etiladi"",""Taqiqlanadi""}","{""Рухсат этилади"",""Бошқа ҳаракат қатнашчиларига халақит бермаса рухсат этилади"",""Тақиқланади""}",2,https://postimg.cc/Dmfk0bYv,Bilet 51-60,300,,,,
"Vazirlar Mahkamasining 172-sonli qaroriga muvofiq, Yo'l harakati qoidalari nechta banddan iborat?","Вазирлар Маҳкамасининг 172-сонли қарорига мувофиқ, Йўл ҳаракати қоидалари нэчта банддан иборат?","{""184"",""186"",""216"",""220""}","{""184"",""186"",""216"",""220""}",1,https://postimg.cc/Dmfk0bYv,Bilet 51-60,300,,,,
Miltillovchi qizil ishora?,Милтилловчи қизил ишора?,"{""Harakatni taqiqlaydi"",""Keskin tormoz bermasdan to'xtashga ulgura olmaydigan haydovchilarga harakatlanishni davom ettirishga ruxsat etiladi"",""Harakatlanishga ruxsat beradi""}","{""Ҳаракатни тақиқлайди"",""Кэскин тормоз бэрмасдан тўхташга улгура олмайдиган ҳайдовчиларга ҳаракатланишни давом эттиришга рухсат этилади"",""Ҳаракатланишга рухсат бэради""}",0,https://postimg.cc/Dmfk0bYv,Bilet 51-60,300,,,,
Qaysi avtomobil haydovchisi qoidani buzmasdan harakatlanmoqda?,Қайси автомобил ҳайдовчиси қоидани бузмасдан ҳаракатланмоқда?,"{""Ko'k avtomobil haydovchisi"",""Qizil avtomobil haydovchisi"",""Ikkala avtomobil haydovchilari"",""Har ikkala avtomobil haydovchilari qoidani buzmoqda""}","{""Кўк автомобил ҳайдовчиси"",""Қизил автомобил ҳайдовчиси"",""Иккала автомобил ҳайдовчилари"",""Ҳар иккала автомобил ҳайдовчилари қоидани бузмоқда""}",0,https://ptest.uz/images/d671d2a5-f06e-4a0b-97ae-76db1a206446.webp,Bilet 51-60,300,,,,
Ushbu belgi o'rnatiladi:,Ушбу белги ўрнатилади:,"{""“Bolalar uyi” yoki oromgohlari oldidan o'tgan yo'l qismlarida o'rnatiladi"",""Maktab yoki maktabgacha talim muassasalari oldida"",""Ko'zi ojiz piyodalar harakatlanish ehtimoli ko'p bo'lgan yo'l qismlarida o'rnatiladi""}","{""“Болалар уйи” ёки оромгоҳлари олдидан ўтган йўл қисмларида ўрнатилади"",""Мактаб ёки мактабгача таълим муассасалари олдида"",""Кўзи ожиз пиёдалар ҳаракатланиш эҳтимоли кўп бўлган йўл қисмларида ўрнатилади""}",1,https://ptest.uz/images/fbc30181-ff89-4edf-8d4c-aafc85a482fd.webp,Bilet 51-60,300,,,,
Ko'k avtomobil haydovchisiga avtoturargohga kirishga ruxsat etiladimi?,Кўк автомобил ҳайдовчисига автотураргоҳга киришга рухсат этиладими?,"{""Ruxsat etiladi"",""Taqiqlanadi""}","{""Рухсат этилади"",""Тақиқланади""}",1,https://ptest.uz/images/3a4ecc31-d56f-425d-b362-9b09fb58c2cf.webp,Bilet 51-60,300,,,,
Aholi punktlaridan tashqarida quvib o'tishda qanday ogohlantirish ishoralaridan foydalanish mumkin?,Аҳоли пунктларидан ташқарида қувиб ўтишда қандай огоҳлантириш ишораларидан фойдаланиш мумкин?,"{""Faralarning uzoqni yorituvchi chiroqlaridan"",""Tovushli ishoralardan"",""1 va 2""}","{""Фараларнинг узоқни ёритувчи чироқларидан"",""Товушли ишоралардан"",""1 ва 2""}",2,https://postimg.cc/Dmfk0bYv,Bilet 51-60,300,,,,
Ushbu vaziyatda oxirgi bo'lib kim o'tadi? Piyodalarga qatnov qismidan kesib o'tishga ruxsat etiladimi ?,Ушбу вазиятда охирги бўлиб ким ўтади? Пиёдаларга қатнов қисмидан кесиб ўтишга рухсат этиладими ?,"{""Ruxsat etiladi"",""Taqiqlanadi"",""Barcha holatda ruxsat etiladi"",""Oq avtomobil""}","{""Рухсат этилади"",""Тақиқланади"",""Барча ҳолатда рухсат этилади"",""Оқ автомобил""}",1,https://ptest.uz/images/4e5e3eff-0007-46be-ace0-4f461544cd40.webp,Bilet 51-60,300,,,,
Qaysi rasmda to'rt tasmali yo'l ko'rsatilgan?,Қайси расмда тўрт тасмали йўл кўрсатилган?,"{""Birinchi"",""Birinchi va ikkinchi"",""Ikkinchi va uchinchi"",""Barchasida""}","{""Биринчи"",""Биринчи ва иккинчи"",""Иккинчи ва учинчи"",""Барчасида""}",3,https://ptest.uz/images/0fad6563-2520-4a9f-ad81-238d74446a58.webp,Bilet 51-60,300,,,,
Ushbu yo'l belgisi chorahalarda o'nga burilayotgan relezsiz transport voisitalariga svetaforning qaysi ishorasida harakatlanishga ruhsat etiladi ?,Ушбу йўл белгиси чораҳаларда ўнга бурилаётган релезсиз транспорт воиситаларига светафорнинг қайси ишорасида ҳаракатланишга руҳсат этилади ?,"{""Qizil ishora"",""Sariq ishora"",""Yashil ishora"",""Ko'rsatilgan barchasi""}","{""Қизил ишора"",""Сариқ ишора"",""Яшил ишора"",""Кўрсатилган барчаси""}",3,https://ptest.uz/images/14bdb389-59ce-45b8-943b-5725968571e0.webp,Bilet 51-60,300,,,,
Avtomobilda bolalarni himoya qilish tizimini joylashtirish uchun qaysi joy eng xavfsiz hisoblanadi?,Автомобилда болаларни ҳимоя қилиш тизимини жойлаштириш учун қайси жой энг хавфсиз ҳисобланади?,"{""Orqa o'rta o'rindiq"",""Oldi o'rindiq"",""Haydovchi orqasidagi o'rindiq""}","{""Орқа ўрта ўриндиқ"",""Олди ўриндиқ"",""Ҳайдовчи орқасидаги ўриндиқ""}",0,https://ptest.uz/images/b5629abb-d171-408f-a08c-58ed3ff442d0.webp,Bilet 51-60,300,,,,
Ushbu yo'l belgisi qanday nomlanadi?,Ушбу йўл белгиси қандай номланади?,"{""Shanba, yakshanba va bayram kunlari"",""Hafta kunlari"",""Ish kunlari""}","{""Шанба, якшанба ва байрам кунлари"",""Ҳафта кунлари"",""Иш кунлари""}",0,https://ptest.uz/images/ab1188bb-3caf-49b9-9398-14209c56da25.webp,Bilet 51-60,300,,,,
Transport vositasi haydovchisi tomonidan chiqarilgan havotadi etanol bug'lari kontsentrasiyasi qancha miqdorni ko'rsatgan hollarda DYHXX xodimi haydovchiga nisbatan alkogolli ichimlik estemol qilganligi fakti yuzasidan mamuriy bayonnoma rasmiylashtiradi,Транспорт воситаси ҳайдовчиси томонидан чиқарилган ҳавотади этанол буғлари контсентрасияси қанча миқдорни кўрсатган ҳолларда ДЙҲХХ ходими ҳайдовчига нисбатан алкоголли ичимлик эстеъмол қилганлиги факти юзасидан маъмурий баённома расмийлаштиради,"{""Puflangan havoning bir litrida 0,105 milligramm va undan yuqori bo'lgan hallorda"",""Puflangan havoning bir litrida 0,135 milligramm va undan yuqori bo'lgan hallorda"",""Puflangan havoning bir litrida 0,255 milligramm va undan yuqori bo'lgan hallorda""}","{""Пуфланган ҳавонинг бир литрида 0,105 миллиграмм ва ундан юқори бўлган ҳаллорда"",""Пуфланган ҳавонинг бир литрида 0,135 миллиграмм ва ундан юқори бўлган ҳаллорда"",""Пуфланган ҳавонинг бир литрида 0,255 миллиграмм ва ундан юқори бўлган ҳаллорда""}",1,https://ptest.uz/images/046f48a9-c5f4-4b7a-9a3a-214dfdfa93b1.webp,Bilet 51-60,300,,,,
Ushbu qora transport vositasining haydovchisi yo'nalishni o'zgartirish qanday nomlanadi?,Ушбу қора транспорт воситасининг ҳайдовчиси йўналишни ўзгартириш қандай номланади?,"{""Manyovr qilish"",""Bo'laklar sonini o'zgartish"",""Hafli harakatlanish"",""Avariya holatini keltirish"",""Barcha javoblar to'gri""}","{""Манёвр қилиш"",""Бўлаклар сонини ўзгартиш"",""Ҳафли ҳаракатланиш"",""Авария ҳолатини келтириш"",""Барча жавоблар тўгри""}",3,https://ptest.uz/images/c6887865-9975-42d2-ac01-c4836f2bbe59.webp,Bilet 51-60,300,,,,
Qaysi yo'nalish bo'yicha harakatlanishga ruxsat berilgan?,Қайси йўналиш бўйича ҳаракатланишга рухсат берилган?,"{""Faqat «A»"",""Faqat «B»"",""Har ikki yo'nalishda mumkin"",""Har ikki yo'nalishda taqiqlanadi""}","{""Фақат «А»"",""Фақат «B»"",""Ҳар икки йўналишда мумкин"",""Ҳар икки йўналишда тақиқланади""}",1,https://ptest.uz/images/21539512-5ed8-4f58-a5a7-c62dc47bbb92.webp,Bilet 51-60,300,,,,
Qaysi javobda yo'l belgilari guruhlarining ketma-ketligi to'g'ri ko'rsatilgan?,Қайси жавобда йўл белгилари гуруҳларининг кетма-кетлиги тўғри кўрсатилган?,"{""Taqiqlovchi, Imtiyoz, Buyuruvchi, Axborot-ko'rsatkich, Ogohlantiruvchi, Servis, Qo'shimcha axborot"",""Ogohlantiruvchi, Imtiyoz, Taqiqlovchi, Buyuruvchi, Axborot-ko'rsatkich, Servis, Qo'shimcha axborot"",""Ogohlantiruvchi, Imtiyoz, Buyuruvchi, Taqiqlovchi, Axborot-ko'rsatkich, Servis, Qo'shimcha axborot"",""Yuqoridagi barcha javoblar to'g'ri""}","{""Тақиқловчи, Имтиёз, Буюрувчи, Ахборот-кўрсаткич, Огоҳлантирувчи, Сервис, Қўшимча ахборот"",""Огоҳлантирувчи, Имтиёз, Тақиқловчи, Буюрувчи, Ахборот-кўрсаткич, Сервис, Қўшимча ахборот"",""Огоҳлантирувчи, Имтиёз, Буюрувчи, Тақиқловчи, Ахборот-кўрсаткич, Сервис, Қўшимча ахборот"",""Юқоридаги барча жавоблар тўғри""}",1,https://postimg.cc/Dmfk0bYv,Bilet 51-60,300,,,,
Ko'k avtomobil haydovchisi qaysi yo'nalishlarda harakatlanishga ruxsat etilmaydi?,Кўк автомобил ҳайдовчиси қайси йўналишларда ҳаракатланишга рухсат этилмайди?,"{""Faqat 1"",""Faqat 2"",""Faqat 1, 3, 4 yo'nalishlarda"",""Barcha yo'nalishlarda""}","{""Фақат 1"",""Фақат 2"",""Фақат 1, 3, 4 йўналишларда"",""Барча йўналишларда""}",2,https://ptest.uz/images/d9b171b3-94d9-40dc-b0bf-cb4cc33da5a5.webp,Bilet 51-60,300,,,,
Ushbu belgi qaysi moddalarga kiradi?,Ушбу белги қайси моддаларга киради?,"{""Toksik moddalar"",""Organik peroksidlar"",""Oksidlovchi moddalar""}","{""Токсик моддалар"",""Органик пероксидлар"",""Оксидловчи моддалар""}",2,https://ptest.uz/images/f7aef5cd-cab6-4dcd-a82c-ca5588769c16.webp,Bilet 51-60,300,,,,
Yo'l patrul hizmat hodimlariga yo' l harakat qatnashchilari bilan o'zaro munosabatlari va maxsuz moslamalardan foydalanishda nizom to'grisidagi qonunda qanday tartib qo'yilgan ?,Йўл патруль ҳизмат ҳодимларига йў л ҳаракат қатнашчилари билан ўзаро муносабатлари ва махсуз мосламалардан фойдаланишда низом тўгрисидаги қонунда қандай тартиб қўйилган ?,"{""Yo'l transport hodisasini oldini olish va harakat hafsizligini taminlash"",""Maxsuz tadbirlar o'tqazish"",""Taqib qilish"",""Kuzatish"",""Ko'rsatilgan barcha javoblar""}","{""Йўл транспорт ҳодисасини олдини олиш ва ҳаракат ҳафсизлигини таминлаш"",""Махсуз тадбирлар ўтқазиш"",""Тақиб қилиш"",""Кузатиш"",""Кўрсатилган барча жавоблар""}",4,https://ptest.uz/images/50bb879b-2325-489f-8318-8bbb06e9cde9.webp,Bilet 51-60,300,,,,
Ko'rsatilgan yo'l belgilarining qaysi birida eng kam tezlikda harakatlanish kerak ?,Кўрсатилган йўл белгиларининг қайси бирида энг кам тезликда ҳаракатланиш керак ?,"{""Chapdagi belgida"",""O'ngdagi belgida"",""Har ikkisida""}","{""Чапдаги белгида"",""Ўнгдаги белгида"",""Ҳар иккисида""}",1,https://ptest.uz/images/39a57172-587a-45c2-939c-9f08205cb544.webp,Bilet 51-60,300,,,,
Belgilangan yo'nalishlarda harakatlanishga ruxsat etiladimi?,Белгиланган йўналишларда ҳаракатланишга рухсат этиладими?,"{""Faqat o'ngga ruxsat etiladi"",""Faqat chapga ruxsat etiladi"",""Har ikkisiga ruxsat etiladi""}","{""Фақат ўнгга рухсат этилади"",""Фақат чапга рухсат этилади"",""Ҳар иккисига рухсат этилади""}",2,https://ptest.uz/images/7f8e5e60-18ad-46d8-9927-85ba106331c8.webp,Bilet 51-60,300,,,,
Harakatlanish tartibini ko'rsating: Ushbu yo'l belgisi chorahalarda o'nga burilayotgan relezsiz transport voisitalariga svetaforning qaysi ishorasida harakatlanishga ruhsat etiladi ?,Ҳаракатланиш тартибини кўрсатинг: Ушбу йўл белгиси чораҳаларда ўнга бурилаётган релезсиз транспорт воиситаларига светафорнинг қайси ишорасида ҳаракатланишга руҳсат этилади ?,"{""Qizil ishora"",""Sariq ishora"",""Yashil ishora"",""Ko'rsatilgan bachasi""}","{""Қизил ишора"",""Сариқ ишора"",""Яшил ишора"",""Кўрсатилган бачаси""}",3,https://ptest.uz/images/f130801f-fbb7-4dbe-a22c-94ca987fad8c.webp,Bilet 51-60,300,,,,
Aholi punktlarida quvib o'tishda qanday ogohlantirish ishoralaridan foydalanish mumkin?,Аҳоли пунктларида қувиб ўтишда қандай огоҳлантириш ишораларидан фойдаланиш мумкин?,"{""Faralarning uzoqni yorituvchi chiroqlaridan"",""Tovushli ishoralardan"",""1 va 2""}","{""Фараларнинг узоқни ёритувчи чироқларидан"",""Товушли ишоралардан"",""1 ва 2""}",0,https://postimg.cc/Dmfk0bYv,Bilet 51-60,300,,,,
