numeration,question,answers,correct_answer,image_url,time_limit,audio_url,explanation_text
question_1001,Yengil avtomobilning tom qismiga ornatilgan yukhonasida yukning balandligi (maxsus moslamalar bilan mustahkamlangan holda velosipedlarni tashish bundan mustasno) necha metrdan oshmasligi kerak?,"{""0.5 metr"",""1.0 metr"",""1.2 metr"",""1.5 metr""}",1,https://postimg.cc/Dmfk0bYv,300,,"YHQ 27-bobi 162-bandi: Yengil avtomobilning tom qismiga o'rnatilgan yukxonasidagi yukning balandligi 1 metrdan (maxsus moslamalar bilan mustahkamlangan holda velosipedlar va individual harakatlanish vositalarini tashish bundan mustasno) va uzunligi avtomobilning gabaritidan 0,5 metrdan oshmasa yukni tashishga ruxsat beriladi."
question_1002,Quyidagi javoblardan qaysi birida «Yolovchi» atamasining to'g'ri ta'rifi ko'rsatilgan?,"{""Transport vositasidagi barcha shaxslar"",""Transport vositasidagi (haydovchidan tashqari) shaxs, shuningdek transport vositasiga kirayotgan(unga chiqib o'tirayotgan) yoki transport vositasidan chiqayotgan(undan tushayotgan) shaxs"",""Har ikkala ta'rif to'g'ri""}",1,https://postimg.cc/Dmfk0bYv,300,,"YHQ umumiy qoidalar: Yo'lovchi - transport vositasidagi (haydovchidan tashqari) shaxs, shuningdek transport vositasiga kirayotgan (unga chiqib o'tirayotgan) yoki transport vositasidan chiqayotgan (undan tushayotgan) shaxs."
question_1003,Bir yonalishda uch va undan ortiq tasmali har qanday yolda yuk avtomobillariga chetki chap qatorni egallashga ruxsat etiladi:,"{""Quvib o'tish, chapga burilish va qayrilib olishda"",""Quvib o'tish va aylanib olishda"",""Chapga burilish va qayrilib olishda"",""Barcha hollarda""}",2,https://postimg.cc/Dmfk0bYv,300,,"YHQ 10-bobi 67-bandining uchinchi xatboshisiga asosan: Bir yo'nalishdagi uch va undan ortiq tasmali har qanday yo'lda chetki chap gatorni harakat serqatnovligi sababli boshqa bo laklar band bo lgan hollarda, shuningdek, quvib o'tish, chapga burilish yoki qayrilib olishga, yuk avtomobillariga faqat chapga burilish yoki qayrilib olish uchun chetki chap qatorni egallashga ruxsat etiladi."
question_1004,"Odam tashish uchun moljallangan yuk avtomobili yukhonasiga o'rnatilgan o'rindiqlar, yukhona pastki qismidan qancha balandlikda mahkamlangan bolishi kerak?","{""0.3 - 0.5 metr"",""0.6 - 0.7 metr"",""0.8 - 0.9 metr""}",0,https://postimg.cc/Dmfk0bYv,300,,"YHQ 26-bobi 153-bandi: Odam tashish uchun moljallangan yuk avtomobili yukxonasining borti 1,3 metrdan kam bo lmasligi shart. Bunda yukxonaning pastki qismidan 0,3 - 0,5 metr balandlikda mahkamlangan o'rindiqlar jihozlangan bolishi kerak."
question_1005,Oq-qizil (1.14.4 zebra) yol chizig'i qanday joylarda piyodalar o'tish joyini belgilash uchun chiziladi?,"{""Piyodalar gavjum bolgan joylarda"",""Savdo, madaniy-maishiy xizmat korsatish binolari oldida"",""Maktab va maktabgacha ta'lim muassasalari oldida"",""Barcha javoblar to'g'ri""}",2,https://postimg.cc/Dmfk0bYv,300,,YHQ 2 ilova: 1.14.4 - oq-qizil rangli yol chizigi maktab va maktabgacha ta'lim muassasalari oldida piyodalarning o'tish joyini belgilaydi.
question_1006,Bu yotiq chiziq bildiradi:,"{""Korsatilgan yo'nalishlarda harakatlanishni taqiqlaydi"",""Chorrahada tasmalar bo'yicha ruxsat etilgan harakat yo'nalishlarini korsatadi"",""Harakat barcha yonalishlarda ruxsat etilgan yollarning kesishmasiga yaqinlashganlikni""}",1,https://lgacbbewpuzeyxijzfii.supabase.co/storage/v1/object/public/test-images/question-1006.jpg,300,,YHQ 2 ilova: 1.18 - chorrahada tasmalar bolaklar bo yicha ruxsat etilgan harakatlanish yo'nalishlarini ko'rsatadi.
question_1007,Kesishayotgan qatnov qismi chetiga qanchadan kam masofa qolganda ta'xtash taqiqlanadi?,"{""40 metr"",""45 metr"",""30 metr""}",2,https://postimg.cc/Dmfk0bYv,300,,YHQ 13-bobi 91-bandi: To'xtash taqiqlanadi: Qatnov gismi kesishmalarida va kesishayotgan qatnov qismi chetiga 30 metrdan kam masofada (uch tomonlama kesishadigan chorrahalarda yondan tutashgan yo Ining sidirg'a chizig yoki ajratuvchi mintaga bilan ajratilgan qarama-qarshi tomoni bundan mustasno).
question_1008,Transport vositalarining qayrilib olish joylarida va unga yetmasdan yoki otib qanchadan kam masofada to'xtashi taqiqlanadi?,"{""40 metr"",""35 metr"",""30 metr"",""50 metr""}",2,https://postimg.cc/Dmfk0bYv,300,,YHQ 13-bobi 91-bandi: To'xtash taqiqlanadi: Transport vositalarining qayrilib olish joylarida va unga 30 metr yetmasdan yoki o tib.
question_1009,Odam tashish uchun moljallangan yuk avtomobili yuk xonasi bortining balandligi:,"{""0.7 metrdan kam bolmasligi kerak"",""1 metrdan kam bolmasligi kerak"",""1.3 metrdan kam bo'lmasligi kerak"",""1.5 metrdan kam bolmasligi kerak""}",2,https://postimg.cc/Dmfk0bYv,300,,"YHQ 26-bobi 153-bandi: Odam tashish uchun moljallangan yuk avtomobili yukxonasining borti 1,3 metrdan kam bo lmasligi shart"
question_1010,Maktab va maktabgacha ta lim tashkilotlari atrofidagi yollarda 300 metrgacha bolgan masofada qanday eng yuqori tezlikda harakatlanishga ruxsat etiladi?,"{""20 km/s"",""30 km/s"",""50 km/s"",""60 km/s""}",1,https://postimg.cc/Dmfk0bYv,300,,"Aholi punktlarida transport vositalarining tezligini soatiga 70 kilometrdan, maktab va maktabgacha ta'lim tashkilotlari atrofidagi yollarda 300 metrgacha bolgan masofada 30 kilometrdan, turar joy dahalari va yondosh hududlarda (uy-joy binolari orasidagi yer uchastkasida) esa soatiga 20 kilometrdan oshirmasdan harakatlanishga ruxsat etiladi."
question_1011,O'zib ketish deb nimaga aytiladi ?,"{""Transport vositasining bir yonalishda transport vositasi tezligidan ortiq tezlikda harakatlanishi"",""Qarama - qarshi yonalishda harakatlanish uchun moljallangan tasmaga chiqib,songra ilgari egallagan qatoriga qaytib o'tish bilan bog'liq bolgan harakat"",""Kam tezlik bilan qo'shni qatorda harakatlanayotgan bir yoki bir nechta transport vositasidan o'zib ketish""}",0,https://postimg.cc/Dmfk0bYv,300,,YHQ umumiy qoidalar: O'zib ketish - transport vositasining o tayotgan transport vositasining tezligidan yuqori tezlikda o'zib ketish.
question_1012,To'siq deb nimaga aytiladi?,"{""Yolning qatnov qismida harakatsiz holda bolgan jism"",""Tirbandlik tufayli qatnov qismida to'xtab turgan transport vositasi"",""Yol harakati xavfsizligiga xavf soluvchi har qanday omil""}",0,https://postimg.cc/Dmfk0bYv,300,,"YHQ umumiy qoidalar: To'siq - yo'Ining qatnov qismida harakatsiz holda bo'lgan jism (buzilib qolgan transport vositasi, tushib qolgan yuk, yiqilgan daraxt va boshqalar)."
question_1013,Qayta tizilish deb nimaga aytiladi?,"{""Dastlabki harakat yonalishini saqlagan holda o'z harakatlanish tasmasidan boshqa harakatlanish qatoriga otish"",""Qatnov qismining maxsus ajratilgan, 5.35 - 5.37 yol belgilari, 1.9 yol chizig'i bilan belgilangan va ustida reversiv svetofor ornatilgan bolagida harakatlanish yonalishini qarama-qarshi tomonga o'zgartirish"",""Xavf tug'ilganda yoldagi boshqa harakat qatnashchilarining harakatlanishiga to'sqinlik qilmaslik uchun haydovchilar tomonidan bajariladigan harakat(manyovr)""}",0,https://postimg.cc/Dmfk0bYv,300,,YHQ umumiy qoidalar: Qayta tizilish - dastlabki harakat yo nalishini saqlagan holda o'z harakatlanish tasmasidan boshqa harakatlanish qatoriga o tish.
question_1014,Quyidagi javoblardan qaysi birida «Xavf» atamasining to'g'ri ta'rifi ko'rsatilgan?,"{""Yol harakati xavfsizligiga xavf soluvchi har qanday omil"",""Yol harakati qatnashchilarining yonalishini o'zgartirishga majbur qiladigan har qanday to'siq"",""Yol harakati jarayonidan osha yo nalishda va o'sha tezlikda harakatlanishni davom ettirish yol transport hodisasi sodir b li hi t hdid l di il""}",0,https://postimg.cc/Dmfk0bYv,300,,YHQ umumiy qoidalar: Xavf - yo'l harakati xavfsizligiga xavf soluvchi har qanday omil.
question_1015,"Yengil avtomobilning tom qismiga ornatilgan yukxonasida yuk tashishda, yukning uzunligi avtomobilning gabaritidan necha metrdan oshmasa tashishga yol qo'yiladi?","{""2 metr"",""1 metr"",""1.2 metr"",""0.5 metr""}",3,https://postimg.cc/Dmfk0bYv,300,,"YHQ 27-bobi 162-bandi: Yengil avtomobilning tom qismiga o'rnatilgan yukxonasidagi yukning balandligi 1 metrdan (maxsus moslamalar bilan mustahkamlangan holda velosipedlar va individual harakatlanish vositalarini tashish bundan mustasno) va uzunligi avtomobilning gabaritidan 0,5 metrdan oshmasa yukni tashishga ruxsat beriladi."
question_1016,Piyodalar otish joyiga qancha masofa yetmasdan to'xtash va to'xtab turishga ruxsat beriladi?,"{""3 metr"",""5 metr"",""10 metr""}",2,https://postimg.cc/Dmfk0bYv,300,,YHQ 13-bobi 91-bandi: To'xtash taqiqlanadi: Piyodalar o tish joylarida va ulardan oldin 10 metrdan kam masofa qolganda.
question_1017,Bekat maydonchalaridan harakatlanish yo nalishi boylab qanchadan kam masofada (yetmasdan va o'tib ketib) to'xtash va to'xtab turish taqiqlanadi?,"{""25 metr"",""30 metr"",""15 metr"",""20 metr""}",2,https://postimg.cc/Dmfk0bYv,300,,"YHQ 13-bobi 91-bandi: To'xtash taqiqlanadi: Bekat maydonchalarida, yo'nalishli transport vositalari to'xtash joylarida, jumladan, 1.17 chizigi bilan belgilangan, ular bo lmaganda esa yo nalishli transport vositalari to'xtash joyi bo'ylab (etmasdan va o'tib ketib) 15 metrdan kam masofada (yo'nalishli transport vositalari harakatiga xalaqit bermasa yo lovchilarni chiqarish yoki tushirish uchun to xtash bundan mustasno)."
question_1018,Korsatilgan joyda to'xtashga ruxsat etiladimi ?,"{""Taqiqlanadi"",""Ruxsat etiladi""}",0,https://lgacbbewpuzeyxijzfii.supabase.co/storage/v1/object/public/test-images/question-1018.jpg,300,,YHQ 2-ilovasi 1-bolimining oltinchi xatboshisiga asosan: 1.4 - to xtash taqiqlangan joyni bildiradi. Yakka holda yoki 3.27 «To'xtash taqiqlangan» yo'l belgisi bilan qollaniladi hamda yo Ining qatnov qismi chetiga yoki yo'l chetidagi to'siq ustidan chiziladi.
question_1019,Mazkur yol belgisi:,"{""Doimiy belgi hisoblanadi"",""Vaqtinchalik belgi hisoblanadi"",""Mavsumiy belgi hisoblanadi""}",1,https://lgacbbewpuzeyxijzfii.supabase.co/storage/v1/object/public/test-images/question-1019.jpg,300,,"Vaqtincha (ko'chma tirgakdagi) va doimiy belgilar ma'no jihatidan bir-biriga zid kelgan hollarda haydovchilar vaqtincha o'rnatilgan belgilarga amal gilishlari kerak. 1,8 1.15, 1.16, 1.31, 1.17, 1.18.1 - 1.18.3, 1.21, 1.30, 2.6, 2.7, 3.1, 3.2, 3.11 - 3.16, 3.18.1 - 3.18.25 yo'l belgilari vaqtincha yo'l belgilari sifatida belgilanishi mumkin. Vaqtincha l b l il i i d b l di"
question_1020,Qoidalarga ko'ra shatakka olish vaqtida bir-biriga ulangan transport vositalari tarkibining qanday umumiy uzunligiga yol qo'yiladi?,"{""20 m"",""21 m"",""22 m"",""23 m"",""24 m""}",0,https://postimg.cc/Dmfk0bYv,300,,YHQ 24-bobi 145-bandi: Shatakka olish quyidagi holatlarda taqiqlanadi: Shatakka olingan va shatakka olgan transport vositalarining ulagich bilan birga umumiy uzunligi 20 metrdan ortiq bolsa.
question_1021,Mazkur yol belgisi:,"{""Doimiy belgi hisoblanadi"",""Vaqtinchalik belgi hisoblanadi"",""Mavsumiy belgi hisoblanadi""}",1,https://lgacbbewpuzeyxijzfii.supabase.co/storage/v1/object/public/test-images/question-1021.jpg,300,,"YHQ 1 ilova: Vaqtincha (ko'chma tirgakdagi) va doimiy belgilar ma'no jihatidan bir-biriga zid kelgan hollarda haydovchilar vaqtincha o'rnatilgan belgilarga amal qilishlari kerak. 1,8 1.15, 1.16, 1.31, 1.17, 1.18.1 - 1.18.3, 1.21, 1.30, 2.6, 2.7, 3.1, 3.2, 3.11 - 3.16, 3.18.1 - 3.18.25 yol belgilari vaqtincha yo'l belgilari sifatida belgilanishi mumkin. Vaqtincha yol belgilari sariq rangda boladi."
question_1022,Ushbu yol belgisi qanday nomlanadi:,"{""Bir izli temir yol kesishmasi"",""Temir yol kesishmasiga yaqinlashuv"",""Shlagbaumli temir yol kesishmasi""}",1,https://lgacbbewpuzeyxijzfii.supabase.co/storage/v1/object/public/test-images/question-1022.jpg,300,,"YHQ 1 ilova: 1.4.1 - 1.4.6. ""Temir yo'l kesishmasiga yaqinlashuv"". Aholi punktlaridan tashqarida temir yo'l kesishmasiga yaqinlashayotganlik haqida qo'shimcha ogohlantirish beradi."
question_1023,Ushbu belgilaridan qaysilari vaqtinchalik yol belgilari hisoblanadi:,"{""«1» va «4»"",""«2» va «З»"",""«3» va «4»""}",1,https://lgacbbewpuzeyxijzfii.supabase.co/storage/v1/object/public/test-images/question-1023.jpg,300,,"YHQ 1 ilova: Vaqtincha (ko'chma tirgakdagi) va doimiy belgilar ma'no jihatidan bir-biriga zid kelgan hollarda haydovchilar vaqtincha o'rnatilgan belgilarga amal qilishlari kerak. 1,8 1.15, 1.16, 1.31, 1.17, 1.18.1 - 1.18.3, 1.21, 1.30, 2.6, 2.7, 3.1, 3.2, 3.11 - 3.16, 3.18.1 - 3.18.25 yol belgilari vaqtincha yol belgilari sifatida belgilanishi mumkin. Vaqtincha yol belgilari sariq rangda boladi."
question_1024,Qanday hollarda quvib o'tish taqiqlanadi?,"{""Tartibga solingan chorrahalarda"",""Tepalikning oxirida va yolning korinishi cheklangan joylarda"",""Tartibga solinmagan chorrahalarda asosiy hisoblanmaydigan yollarda harakatlanishda"",""Sanab otilgan barcha hollarda""}",3,https://postimg.cc/Dmfk0bYv,300,,"YHQ 12-bobi 86-bandi: Quvib o'tish quyidagi hollarda taqiqlanadi: tartibga solingan chorrahalarda; tartibga solinmaydigan chorrahalarda asosiy hisoblanmaydigan yo llarda harakatlanishda; ko priklarda, yo'l o tkazgichlarda, estakadalarda va ularning ostida; piyodalar o'tish joylarida; temir yo'l kesishmalarida va ulargacha 100 metrdan kam masofa qolganda; quvib yoki aylanib o'tayotgan transport vositalarini; tepalikning oxirida va yolning ko'rinishi cheklangan joylarida; 3.20 va 3.22 yo'l belgilari ta'sir oralig'ida."
question_1025,Quyidagi shaxslarga xavfsizlik kamarini (kanstruksiyasida xavfsizlik kamari nazarda tutilgan transport vositalarida)taqmaslikga ruxsat beriladi:,"{""Avtomobilning orqa o'rindiqdagi 12 yoshgacha bolgan bolalarga"",""Homilador ayollarga"",""Orqaga harakatni amalga oshiryotgan haydovchilarga"",""F1 va F2 javoblar to'g'ri"",""Sanab o'tilgan barcha hollarda""}",4,https://postimg.cc/Dmfk0bYv,300,,"YHQ 2-bobi 9-bandi: Quyidagi shaxslarga xavfsizlik kamarini taqmaslikka ruxsat beriladi: avtomobilning orqa o'rindig'idagi 12 yoshgacha bo'lgan bolalar (ushbu Qoidalarning 159-bandiga muvofiq); homilador ayollar, salomatligi xavfsizlik kamari"
question_1026,Bu belgilardan qaysi biri maktab va maktabgacha ta'lim tashkilotlari oldida o'rnatiladi?,"{""«А»"",""«Б»"",""«В»""}",1,https://lgacbbewpuzeyxijzfii.supabase.co/storage/v1/object/public/test-images/question-1026.jpg,300,,"YHQ 1 ilova: 5.46 ""Maktab"". Maktab yoki maktabgacha ta'lim tashkilotlari oldida o'rnatiladi."
question_1027,"Velosipedlarda yuk tashilganda gabaritidan boyiga va eniga qanchadan ortiq chiqib tursa, yuk tashish taqiqlanadi?","{""0.3 m"",""0.4 m"",""0.5 m"",""1 m""}",2,https://postimg.cc/Dmfk0bYv,300,,"YHQ 28-bobi 168-bandi: Velosipedchilar va individual harakatlanish vositalarini boshgarayotgan shaxslarga quyidagilar taqiqlanadi: rulni ushlamasdan yoki bir qo'lda ushlab harakatlanish (manyovrdan oldin ishoralar berish bundan mustasno); odam tashish (ishonchli oyoq qo'ygich bilan jihozlangan velosipeddagi qo'shimcha o'rindiqda 7 yoshgacha bolgan bolani tashish bundan mustasno); gabaritidan bo'yiga va eniga 0,5 metrdan ortiq chigib turgan yoki boshqarishga xalaqit beradigan yuklarni tashish;"
question_1028,Qaysi yonalish boyicha harakatlanishga ruxsat beriladi?,"{""«А» «Б» «В»"",""«А» «Б» «Г»"",""«Г»""}",2,https://lgacbbewpuzeyxijzfii.supabase.co/storage/v1/object/public/test-images/question-1028.jpg,300,,"YHQ 7-bobi 32-bandi: Yo naltirgich ko'rinishidagi gizil, sariq va yashil rangli svetofor ishoralari ham doirasimon shaklidagi svetofor ishoralari bilan bir xil ma'noga ega bo ladi. Ular faqat ko'rsatilgan yo nalishga ta'sir etadi. Agar tegishli yo'l belgisi bilan qayrilib olish taqiqlanmagan bolsa, chapga burilishga ruxsat beruvchi yo naltirgich qayrilib olishga ham ruxsat beradi. Qo'shimcha tarmoqdagi yashil yo'naltirgich ham xuddi shu ma'noni bildiradi. Svetoforning qo'shimcha tarmoqdagi ishora o'chirilgan bo'lsa, shu tarmoq tartibga solayotgan yo nalishda harakatlanish taqiqlanganligini bildiradi. YHQ 1 ilova: 3.18.2. ""Chapga burilish taqiqlanadi""."
question_1029,"Chorrahadan chapga burilmoqchisiz, sizning harakatingiz:","{""Chorrahadan birinchi o'tish"",""«T» simon svetoforning ruxsat beradigan ishorasini kutish va tramvayga yol berib chapga chiqish"",""Tramvayga yol berish""}",0,https://lgacbbewpuzeyxijzfii.supabase.co/storage/v1/object/public/test-images/question-1029.jpg,300,,"YHQ 7-bobi 36-bandi: Tramvaylarning hamda maxsus ajratilgan tasma bo ylab harakatlanayotgan boshqa yo'nalishli transport vositalarining harakatlanishini tartibga solish uchun ""T"" harfi ko'rinishida joylashgan to'rtta doirasimon oq rang ishorali svetoforlar qo llanilishi mumkin. Yuqoridagi bir yoki bir nechta va pastki ishora bir vaqtning o'zida yonganda, harakatlanishga ruxsat etiladi. Ulardan chapdagisi chapga, ongdagisi ongga, o'rtadagisi to'g'riga yurishga ruxsat beradi. Pastdagi ishora o'chirilib, yuqoridagi uchta ishora bir vagtda yonsa, harakatlanish taqiqlanadi. Yengil avtomobl chorrahadan birinchi o tadi."
question_1030,Mayoqchasi yoqilgan transport vositasiga harakatni tog riga davom ettirishga ruxsat beriladimi?,"{""Ruxsat beriladi"",""Taqiqlanadi""}",1,https://lgacbbewpuzeyxijzfii.supabase.co/storage/v1/object/public/test-images/question-1030.jpg,300,,"YHQ 6-bobi 25-bandi: Yo'l harakatining boshqa ishtirokchilariga nisbatan imtiyozga ega bolishi uchun tezkor va maxsus xizmatlarning transport vositalarida, tezkor va maxsus xizmatlarning kok yoki qizil yoxud kok va gizil rangli yalt-yalt etuvchi mayoqchalar va maxsus tovushli ishora yoqilgan bo'lishi shart. Ular o'zlariga yo'l berilayotganligiga ishonch hosil qilganlaridan so'nggina imtiyozdan foydalanishlari mumkin."
question_1031,Ushbu holatda tramvayning old qismidan yolni kesib o'tishga ruxsat beriladimi?,"{""Ruxsat beriladi"",""Taqiqlanadi"",""Istalgan tomonidan ruxsat beriladi""}",0,https://lgacbbewpuzeyxijzfii.supabase.co/storage/v1/object/public/test-images/question-1031.jpg,300,,"YHQ 4-bobi 19-bandi: Piyodalar to'xtab turgan avtobus va trolleybusning orqa tomonidan, tramvayning esa oldi tomonidan yo Ini kesib o'tishlari shart."
question_1032,Ushbu belgi ornatiladi:,"{""Bozorlar oldindan"",""Maktab va bolalarning dam olish maskanlari oldindan"",""Vokzal oldindan""}",1,https://lgacbbewpuzeyxijzfii.supabase.co/storage/v1/object/public/test-images/question-1032.jpg,300,,"YHQ 1 ilova: 1.21. ""Bolalar"". Bolalar muassasasi (maktablar, bolalarning dam olish maskanlari va shunga o'xshashlar)ga yaqin yolning qatnov qismidan bolalarning chiqib qolish ehtimolini bildiradi."
question_1033,Bir vaqtda qayrilib olishda qaysi transport vositasi yol berishi kerak?,"{""Avtobus haydovchisi"",""Yengil avtomobil haydovchisi"",""Bunday vaziyatda haydovchilar o'zaro kelishadilar""}",0,https://lgacbbewpuzeyxijzfii.supabase.co/storage/v1/object/public/test-images/question-1033.jpg,300,,"YHQ 9-bobi 60-bandi: Transport vositalarining harakatlanish yo nalishlari kesishganda va o'tish navbati Qoidalarda nazarda tutilmagan hollarda, haydovchi o'ng tomondan yaqinlashayotgan transport vositasiga yo'l berishi kerak."
question_1034,Qaysi transport vositasi haydovchisi qoida buzib harakatlanmoqda?,"{""Ruxsat etilgan tola vazni 3 tonna bolgan yuk avtomobili va moped haydovchisi"",""Faqat moped haydovchisi"",""Hech kim qoida buzmayabdi""}",0,https://lgacbbewpuzeyxijzfii.supabase.co/storage/v1/object/public/test-images/question-1034.jpg,300,,"YHQ 19-bobi 121-bandi: Avtomagistrallarda quyidagilar taqiqlanadi: piyodalar, uy hayvonlari, ot-aravalar, velosipedlar, individual harakatlanish vositalari, skuterlar, mopedlar, traktorlar va o'ziyurar uskunalar, texnik tavsifnomasiga yoki holatiga ko'ra tezligi soatiga 40 kilometrdan kam bolgan transport vositalarining harakatlanishi; yuk avtomobillariga yo Ining chetki chap qatorida harakatlanishi;"
question_1035,Toxtab turish joyidan chiqayotganda boshqa transport vositasi bilan yollaringiz kesishganda qanday harakat qilishingiz kerak?,"{""Yo'l berish"",""Birinchi o'tish"",""O'zaro kelishuvga binoan harakatlanish""}",0,https://lgacbbewpuzeyxijzfii.supabase.co/storage/v1/object/public/test-images/question-1035.jpg,300,,"YHQ 9-bobi 60-bandi: Transport vositalarining harakatlanish yo nalishlari kesishganda va o tish navbati Qoidalarda nazarda tutilmagan hollarda, haydovchi o'ng tomondan yaqinlashayotgan transport vositasiga yol berishi kerak."
question_1036,Qaysi yotiq yol chizig'i maktablar oldidagi piyodalar o'tish joylarida qo'llaniladi?,"{""1-chiziq"",""2-chiziq"",""3-chiziq""}",2,https://lgacbbewpuzeyxijzfii.supabase.co/storage/v1/object/public/test-images/question-1036.jpg,300,,YHQ 2 ilova: 1.14.4 - oq-qizil rangli yo'l chizigi maktab va maktabgacha ta'lim muassasalari oldida piyodalarning o'tish joyini belgilaydi.
question_1037,Qaysi belgi «Avtomobillar uchun moljallangan yol» deb nomlanadi?,"{""1"",""2"",""3"",""4""}",1,https://lgacbbewpuzeyxijzfii.supabase.co/storage/v1/object/public/test-images/question-1037.jpg,300,,"YHQ 1 ilova: 5.3. ""Avtomobillar uchun mo ljallangan yo l"". Faqat avtomobillar, avtobus hamda mototsikllar, elektromototsiklar, mopedlar va skuterlarning harakatlanishi uchun mo ljallangan yo ini bildiradi."
question_1038,Mototsikl haydovchisi qoidani buzayaptimi?,"{""На"",""Yoq""}",1,https://lgacbbewpuzeyxijzfii.supabase.co/storage/v1/object/public/test-images/question-1038.jpg,300,,YHQ 12-bobi 86-bandi: Quib o tish quyidagi hollarda taqiqlanadi: tepalikning OXIRIDA va yo Ining ko'rinishi cheklangan joylarida; Qoidani buzmadi sababi Mototsiklchi tepalikning oxirida emas.
question_1039,Belgilardan qaysi biri qatnov qismi kesishmasi hududini bildiradi?,"{""«А»"",""«Б»"",""«В»""}",0,https://lgacbbewpuzeyxijzfii.supabase.co/storage/v1/object/public/test-images/question-1039.jpg,300,,"YHQ 1 ilova: 1.33. ""Qatnov qismi kesishmasi hududi"". 1.30 yotiq chizig i bilan belgilangan chorrahaga yaqinlashayotganligini anglatib, oldinda tirbandlik yuzaga kelganligi tufayli majburiy to'xtab, kondalang yo'nalishdagi transport vositalarining harakatlanishiga to'sqinlik tug'diradigan bo'lsa, chorrahaga kirish, agar to'xtash chizig'i yoki 5.33 yo'l belgisidan o'tib bolgan haydovchiga esa qatnov qismlari kesishmasiga kirishni taqiqlanishini bildiradi."
question_1040,Bu belgi ornatilgan joyda tirkamali yengil avtomobilni harakatlanishga ruxsat beriladimi?,"{""Ruxsat beriladi agar tirkamaning vazni 750kg dan oshmasa"",""Ruxsat beriladi"",""Taqiqlanadi""}",1,https://lgacbbewpuzeyxijzfii.supabase.co/storage/v1/object/public/test-images/question-1040.jpg,300,,"YHQ 1 ilova: 3.7. ""Tirkama bilan harakatlanish taqiqlangan"". . YUK avtomobillari va traktorlarning barcha turdagi tirkamalar bilan harakatlanishi, shuningdek, mexanik transport vositalarini shatakka olish taqiqlanadi."
question_1041,Ushbu yol belgisi qanday nomlanadi?,"{""Tik nishablik"",""Tik balandlik""}",0,https://lgacbbewpuzeyxijzfii.supabase.co/storage/v1/object/public/test-images/question-1041.jpg,300,,YHQ 1 ilova: 1.13 Tik nishablik
question_1042,Bu yol belgisi qanday nomlanadi?,"{""Piyodalarning yol yoqasidan yurishi mumkin bolgan hudud"",""Piyodalarning qatnov qismidan yurishi mumkin bolgan hudud"",""Piyodalarning trotuardan yurishi mumkin bolgan hudud""}",0,https://lgacbbewpuzeyxijzfii.supabase.co/storage/v1/object/public/test-images/question-1042.jpg,300,,"YHQ 1 ilova: 1.35 ""Piyodalarning yol yogasidan yurishi mumkin bo'lgan hudud"""
question_1043,Belgilardan qaysi biri er usti avtomobil quyish joyini bildiradi?,"{""1"",""2"",""3""}",0,https://lgacbbewpuzeyxijzfii.supabase.co/storage/v1/object/public/test-images/question-1043.jpg,300,,YHQ 1 ilova: 5.15.2 Yer usti avtomobil qo yish joyi.
question_1044,Quyidagi belgilardan qaysi biri yengil avtomobillar harakati deb nomlanadi?,"{""1"",""2"",""3"",""4""}",1,https://lgacbbewpuzeyxijzfii.supabase.co/storage/v1/object/public/test-images/question-1044.jpg,300,,"YHQ 1 ilova: 4.4. ""Yengil avtomobillar harakati"". Yengil avtomobillar, avtobus, mototsikllar, mopedlar, skuterlar, belgilangan yo nalishli transport vositalari va ruxsat etilgan to liq vazni 3,5 tonnadan oshmaydigan yuk avtomobillari harakatlanishiga ruxsat etilishini bildiradi. Belgining ta'sir oralig'ida yashovchi va ishlovchi fuqarolarga tegishli, ularga va korxonalarga xizmat ko'rsatuvchi transport vositalariga bu belgi tatbiq etilmaydi. Bunday hollarda transport vositalari belgilangan joyga eng yagin chorrahadan kirib yoki chiqib ketishlari kerak."
question_1045,Ko'rsatilgan belgilardan qaysi biri bolalar deb nomlanadi?,"{""1"",""2"",""3""}",1,https://lgacbbewpuzeyxijzfii.supabase.co/storage/v1/object/public/test-images/question-1045.jpg,300,,"YHQ 1 ilova: 1.21. ""Bolalar"". Bolalar muassasasi (maktablar, bolalarning dam olish maskanlari va shunga o'shashlar)ga yaqin yolning qatnov qismidan bolalarning chiqib qolish ehtimolini bildiradi."
question_1046,Qaysi yo'nalishda harakatlanish taqiqlanadi?,"{""Faqat chapga"",""O'nga, chapga va orqaga qayrilib olishga"",""Chapga va orqaga qayrilib olishga"",""Faqat toriga""}",0,https://lgacbbewpuzeyxijzfii.supabase.co/storage/v1/object/public/test-images/question-1046.jpg,300,,"YHQ 1 ilova: 4.1.6. ""Harakatlanish o'ngga yoki chapga"". Faqat belgilarda ko'rsatilgan korsatkichlar yo'nalishlarida harakatlanishga ruxsat etiladi. Chapga burilishga ruxsat beruvchi belgilar qayrilib olishga ham ruxsat beradi. (Muayyan kesishmada talab etilgan harakatlanish yo'nalishiga tegishli korsatkichlarning shakli tushirilgan 4.1.1 - 4.1.6 belgilarini qo'llash mumkin). 4.1.1 - 4.1.6 belgilarining ta'siri yo'nalishli transport vositalariga joriy qilinmaydi. 4.1.1 - 4.1.6 yo'l belgilari qatnov qismlarining qaysi kesishmasidan oldin o'rnatilsa, belgining ta'siri shu kesishmaga joriy qilinadi. Yo'lning qismi boshlanishida o'rnatilgan 4.1.1 belgisining ta'siri yaqin chorrahagacha joriy qilinadi. Belgi ong tomonda joylashgan hovlilarga va yo lga yondosh boshga hududlarga burilishni taqiqlamaydi."
question_1047,Yovvoyi hayvonlar belgisini ko'rsating:,"{""1"",""2"",""3"",""4"",""2 va 4""}",1,https://lgacbbewpuzeyxijzfii.supabase.co/storage/v1/object/public/test-images/question-1047.jpg,300,,"YHQ 1 ilova: 1.25.1. ""Yovvoyi hayvonlar""."
question_1048,Qaysi rasmda piyoda(lar) yolni qoidani buzgan holda kesib o'tmoqda?,"{""Uchinchi va to'rtinchi rasmlarda"",""Ikkinchi va uchinchi rasmlarda"",""Ikkinchi rasmda"",""Uchinchi rasmda"",""Ikkinchi, uchinchi va tortinchi rasmlarda""}",3,https://lgacbbewpuzeyxijzfii.supabase.co/storage/v1/object/public/test-images/question-1048.jpg,300,,"YHQ 4-bobi 17-bandi: Piyodalar yo'lning qatnov qismini piyodalar o tish joylaridan, shuningdek, yer osti va yer usti o'tish joylaridan, ular bolmaganda esa chorrahalarda trotuar chiziqlari yoki yo'l yoqasi bo'ylab kesib o'tishlari kerak. Piyodalarga ko'rinadigan oraliqda o' tish joyi yoki chorraha bo'lmasa, ajratuvchi mintaqasiz va to'siqsiz yo'llardan yo lning ikki tomoni yaxshi ko'rinadigan joyidan, qatnov qismining chetiga nisbatan to'g'ri burchak ostida kesib o'tish ruxsat"
question_1049,"Quyidagi ta'rif ""transport vositasi harakatini 10 daqiqagacha bolgan muddatga to'xtatish (harakatsiz holatga keltirish)"" qaysi atamaga tegishli?","{""To'xtash"",""Majburiy to'xtash"",""Yol berish"",""To'xtab turish""}",0,https://postimg.cc/Dmfk0bYv,300,,YHQ umumiy qoidalar 6-bandi: to xtash - transport vositasi harakatini 10 daqiqagacha bo'lgan muddatga to'xtatish (harakatsiz holatga keltirish);
question_1050,Qaysi avtomobil haydovchisi yol berishi kerak?,"{""Ko'k avtomobil haydovchisi"",""Yashil avtomobil haydovchisi""}",0,https://lgacbbewpuzeyxijzfii.supabase.co/storage/v1/object/public/test-images/question-1050.jpg,300,,"YHQ 1 ilova: 5.38. ""Turar joy dahasi"". Yol harakati qoidalarining turar joy dahalarida harakatlanish tartibi o'rnatilgan yol. YHQ 9-bobi 60-bandi: Transport vositalarining harakatlanish yo nalishlari kesishganda va o'tish navbati Qoidalarda nazarda tutilmagan hollarda, haydovchi o'ng tomondan yaqinlashayotgan transport vositasiga yo'l berishi kerak."
question_1051,Qaysi rasmda piyodalar qatnav qismida qoidani buzmay harakatlanmoqda?,"{""Chapdagi rasmda"",""O'ngdagi rasmda"",""Ikkala rasmda""}",1,https://lgacbbewpuzeyxijzfii.supabase.co/storage/v1/object/public/test-images/question-1051.jpg,300,,"YHQ 4-bobi 15-bandi: Qatnov qismi chetida harakatlanayotgan piyodalar transport vositalarining harakatlanishiga qarama-qarshi yo'nalishda yurishlari kerak. Nogironlarning dvigatelsiz aravachasida harakatlanayotgan, mototsikl, elektromototsikl, moped, skuter, velosiped va individual harakatlanish vositalarini yetaklab ketayotgan shaxslar esa bunday hollarda transport vositalarining harakatlanish yo'nalishi bo'ylab yurishlari kerak."
question_1052,Bu belgi nimani bildiradi?,"{""Oldinda tirbandlik borligini"",""Navbat bilan o'tishni"",""Tuxtab turish joyiga borishni""}",1,https://lgacbbewpuzeyxijzfii.supabase.co/storage/v1/object/public/test-images/question-1052.jpg,300,,"YHQ 1 ilova: 7.23. ""Navbat bilan o'tish""."
question_1053,"Agar haydovchi ozi harakatlanayotgan yolning qoplamasini bor - yo'qligini aniqlay olmasa (qorong'i vaqt, loy, qor) va imtiyoz belgilari bo'lmasa ?","{""O'zini asosiy yolda deb hisoblashi kerak"",""O'zini ikkinchi darajali yolda deb hisoblashi kerak"",""Teng ahamyatli yollar kesishgan chorrahada deb hisoblashi kerak""}",1,https://postimg.cc/Dmfk0bYv,300,,"YHQ 16-bobi 108-bandi: Agar haydovchi o'zi harakatlanayotgan yo Ining qoplamasi bor-yo'qligini aniqlay olmasa (qorong'i vaqt, loy, qor va boshqalar) va imtiyoz belgilari bo'lmasa, unda u o'zini ikkinchi darajali yo Ida deb hisoblashi kerak."
question_1054,Qaysi haydovchi belgi talabini buzmay to'xtadi?,"{""Yengil avtomobil"",""Yuk avtomobil"",""Har ikkisi ham buzmadi"",""Har ikkisi buzdi""}",3,https://lgacbbewpuzeyxijzfii.supabase.co/storage/v1/object/public/test-images/question-1054.jpg,300,,"YHQ 1 ilova: 2.5. ""To'xtamasdan harakatlanish taqiqlangan"". To'xtash chizig'i oldida, agar u bo'lmasa, kesib o'tiladigan qatnov qismining chetida to xtamasdan harakatlanish taqiqlanadi. Haydovchi kesib o'tilayotgan yo ldan, 7.13 qo'shimcha-axborot belgisi bo'lganda esa asosiy yo ldan harakatlanayotgan transport vositalariga yo'l berishi kerak. Bu belgi temir yo'l kesishmasi yoki karantin maskanidan oldin o'rnatilishi mumkin. Bunday hollarda haydovchi to'xtash chizig'i oldida, u bo'lmasa, belgi oldida to'xtashi kerak."
question_1055,Ogohlantiruvchi belgilarni toping,"{""Hammasi"",""1,2,4,5"",""4,5""}",2,https://lgacbbewpuzeyxijzfii.supabase.co/storage/v1/object/public/test-images/question-1055.jpg,300,,"YHQ 1 ilova: 1.19. ""Ikki tomonlama harakatlanish"". Yo'lning (qatnov qismining) qarama-qarshi harakatlanish qismi boshlanishini bildiradi. YHQ 1 ilova: 1.6. ""Teng ahamiyatli yollar kesishuvi""."
question_1056,Harakatlanish qaysi yonalishga ruxsat etilgan?,"{""Harakatlanish taqiqlanadi"",""Faqat tog'riga"",""Faqat to'g'riga va ơ'ngga"",""Barcha yonalishda ruxsat etiladi""}",0,https://lgacbbewpuzeyxijzfii.supabase.co/storage/v1/object/public/test-images/question-1056.jpg,300,,"YHQ 7-bobi 36-bandi: Tramvaylarning hamda maxsus ajratilgan tasma bo ylab harakatlanayotgan boshqa yo nalishli transport vositalarining harakatlanishini tartibga solish uchun ""T"" harfi ko'rinishida joylashgan tortta doirasimon oq rang ishorali svetoforlar qo'llanilishi mumkin. Yuqoridagi bir yoki bir nechta va pastki ishora bir vaqtning o'zida yonganda, harakatlanishga ruxsat etiladi. Ulardan chapdagisi chapga, ongdagisi o'ngga, o'rtadagisi to'g'riga yurishga ruxsat beradi. Pastdagi ishora o'chirilib, yuqoridagi uchta ishora bir vagtda yonsa, harakatlanish taqiqlanadi."
question_1057,Bu taniqlik belgisi o'rnatiladi:,"{""Vaqtinchalik ta'mirlash ishlari olib borilayotgan yol qismlariga"",""Portlovchi va tez alangalanuvchi yukni tashiyotgan transport vositalariga"",""Haydovchi staji 2 yildan kam bolgan haydovchilar boshqarayotgan mexanik transport vositalariga.""}",2,https://lgacbbewpuzeyxijzfii.supabase.co/storage/v1/object/public/test-images/question-1057.jpg,300,,"YHQ 29-bobi 176-bandi: ""Haydovchilikni endi boshlagan"" - ""Haydovchilik malakasi yetarli bo'lmagan"" haydovchilik staji 2 yildan kam bolgan haydovchilar boshqarayotgan mexanik transport vositalarining (traktorlar, o'ziyurar mashinalar mototsikl, elektromototsikllar, mopedlar va skuterlardan tashqari) orqasida - ichiga qora rangli 110 millimetr balandlikdagi ""!"" belgisining tasviri tushirilgan, sarig rangli, tomonlari 150 millimetr bolgan kvadrat ko'rinishidagi belgi."
question_1058,Qoidalarda nechta asosiy tushuncha va atamalardan foydalaniladi?,"{""65 ta"",""56 ta"",""76 ta""}",2,https://postimg.cc/Dmfk0bYv,300,,"YHQ umumiy qoidalar 6-bandi: avariya holatini yuzaga keltirish, avtomagistral, avtopoyezd va boshqalar (umumiy 76 ta)."
question_1059,Ushbu vaziyatda qaysi transport vositasining haydovchisi yol berishi kerak?,"{""Oq avtomobil haydovchisi"",""Qizil avtomobil haydovchisi""}",1,https://lgacbbewpuzeyxijzfii.supabase.co/storage/v1/object/public/test-images/question-1059.jpg,300,,"YHQ 9-bobi 60-bandi: Transport vositalarining harakatlanish yo nalishlari kesishganda va o'tish navbati Qoidalarda nazarda tutilmagan hollarda, haydovchi o'ng tomondan yaqinlashayotgan transport vositasiga yo'l berishi kerak"
question_1060,Ushbu vaziyatda kim yo'l berishi kerak?,"{""Mikroavtobus haydovchisi"",""Yengil avtomobil haydovchisi""}",1,https://lgacbbewpuzeyxijzfii.supabase.co/storage/v1/object/public/test-images/question-1060.jpg,300,,"YHQ 9-bobi 60-bandi: Transport vositalarining harakatlanish yo nalishlari kesishganda va o'tish navbati Qoidalarda nazarda tutilmagan hollarda, haydovchi oing tomondan yaqinlashayotgan transport vositasiga yol berishi kerak."
question_1061,Ushbu svetofor tramvayga qaysi yo'nalishda harakatlanishga ruxsat beradi?,"{""Faqat tog'riga"",""Barcha yo nalishlarga"",""Barcha yo'nalishlarda harakatlanish taqiqlanadi""}",2,https://lgacbbewpuzeyxijzfii.supabase.co/storage/v1/object/public/test-images/question-1061.jpg,300,,"YHQ 7-bobi 36-bandi: Tramvaylarning hamda maxsus ajratilgan tasma bo ylab harakatlanayotgan boshqa yo nalishli transport vositalarining harakatlanishini tartibga solish uchun ""T"" harfi ko'rinishida joylashgan tortta doirasimon oq rang ishorali svetoforlar qo llanilishi mumkin. Yuqoridagi bir yoki bir nechta va pastki ishora bir vaqtning o'zida yonganda, harakatlanishga ruxsat etiladi. Ulardan chapdagisi chapga, ongdagisi o'ngga, o'rtadagisi to'g'riga yurishga ruxsat beradi. Pastdagi ishora o'chirilib, yuqoridagi uchta ishora bir vagtda yonsa, harakatlanish taqiqlanadi."
question_1062,Tramvay reelssiz transport vositalariga nisbatan imtiyozga ega bo'lmagan holat:,"{""Depodan chiqishda"",""Depoga kirishda"",""Har ikkisida imtiyozga ega"",""Har ikkisida imtiyozga ega emas""}",0,https://postimg.cc/Dmfk0bYv,300,,YHQ 22-bobi 131-bandi: Tramvay yollari chorrahadan tashqarida qatnov qismini kesib o'tadigan joylarda tramvay relssiz transport vositalariga nisbatan imtiyozga ega boladi (depodan chiqish joylari bundan mustasno).
question_1063,Bunday vaziyatda siz:,"{""Birinchi otish huquuqiga egaman"",""Roparadan kelayotgan avtomobilga yol beraman""}",1,https://lgacbbewpuzeyxijzfii.supabase.co/storage/v1/object/public/test-images/question-1063.jpg,300,,"YHQ 1 ilova: 2.6. ""Ro' para harakatlanishning ustunligi"". Qarama-qarshi harakatlanishni qiyinlashtiradigan hollarda yo Ining tor qismiga kirish taqiqlanadi. Haydovchi yo Ining tor qismida bolgan yoki ro'paradan unga yagin bolgan transport vositasiga yol berishi kerak."
question_1064,Chorrahadan qaysi yonalishda harakatlanishingizga ruxsat berilgan?,"{""Faqat tog'riga"",""Tog'riga va ongga"",""Faqat ongga""}",0,https://lgacbbewpuzeyxijzfii.supabase.co/storage/v1/object/public/test-images/question-1064.jpg,300,,"YHQ 1 ilova: 4.1.1. ""Harakatlanish to'g'riga"". Faqat belgilarda korsatilgan ko'rsatkichlar yo'nalishlarida harakatlanishga ruxsat etiladi. Chapga burilishga ruxsat beruvchi belgilar qayrilib olishga ham ruxsat beradi. (Muayyan kesishmada talab etilgan harakatlanish yo nalishiga tegishli ko'rsatkichlarning shakli tushirilgan 4.1.1 - 4.1.6 belgilarini qo'llash mumkin)."
question_1065,Ushbu belgi qanday nomlanadi?,"{""Suniy notekislik"",""Majburiy sekinlanish"",""Baland piyodalar o'tish joyi""}",2,https://lgacbbewpuzeyxijzfii.supabase.co/storage/v1/object/public/test-images/question-1065.jpg,300,,"YHQ 1 ilova: 5.48. ""Baland piyodalar o'tish joyi"". 5.16.1-5.16.2 yo'l belgilari bilan birga qo'llaniladi."
question_1066,Qaysi yotiq yol chizigi avtomobil yollarida 3D ko'rinishidagi piyodalar o'tish joyini bildiradi?,"{""«А»"",""«Б»"",""«В»""}",2,https://lgacbbewpuzeyxijzfii.supabase.co/storage/v1/object/public/test-images/question-1066.jpg,300,,"YHQ 2 ilova: 1.29.3-avtomobil yollarida ""3D"" ko'rinishdagi piyodalar o'tish joyi."
question_1067,Qaysi yotiq yo'l chizig'i avtomobil yo'llarida 3D ko'rinishidagi baland piyodalar o'tish joyini bilidiradi?,"{""«А»"",""«Б»"",""«В»""}",1,https://lgacbbewpuzeyxijzfii.supabase.co/storage/v1/object/public/test-images/question-1067.jpg,300,,"YHQ 2 ilova: 1.29.2-sun'ly notekislik (avtomobil yo'llarida ""3D"" ko'rinishdagi BALAND piyodalar o'tish joyini bildiradi);"
question_1068,Qaysi yotiq yol chizig'i baland piyodalar o'tish joyini bildiradi?,"{""«А»"",""«Б»"",""«В»""}",0,https://lgacbbewpuzeyxijzfii.supabase.co/storage/v1/object/public/test-images/question-1068.jpg,300,,YHQ 2 ilova: 1.29.1-sun'iy notekislik (baland piyodalar o'tish joyini bildiradi);
question_1069,Ko'rsatilgan holatda qayrilib olishga ruxsat etiladimi?,"{""Taqiqlanadi"",""Ruxsat beriladi""}",0,https://lgacbbewpuzeyxijzfii.supabase.co/storage/v1/object/public/test-images/question-1069.jpg,300,,"YHQ 1 ilova: 4.3. ""Aylanma harakatlanish"". Ko'rsatkichlar yonalishlarida harakatlanish ruxsat etiladi."
question_1070,Ushbu kesishmadan ongga burilishga ruxsat beriladimi?,"{""Taqiqlanadi"",""Ruxsat beriladi""}",1,https://lgacbbewpuzeyxijzfii.supabase.co/storage/v1/object/public/test-images/question-1070.jpg,300,,"YHQ 1 ilova: 5.19.1 - 5.19.4. ""Oxiri berk yo'l"". Yo'lning ko'rsatilgan yo nalishda oxiri berkligini bildiradi."
question_1071,Chorrahadan to'g'riga harakatlanmoqchisiz - sizning harakatingiz:,"{""Birinchi o'taman"",""Avtobusga yol beraman""}",0,https://lgacbbewpuzeyxijzfii.supabase.co/storage/v1/object/public/test-images/question-1071.jpg,300,,"YHQ 1 ilova: 2.1. ""Asosiy yol"". Harakat tartibga solinmagan chorrahalarda oldin o tish huqugini beradi. Belgi asosiy yo'l boshiga va chorrahalarning bevosita oldiga o'rnatiladi. YHQ 16-bobi 104-bandi: Teng ahamiyatga ega bolmagan yollar kesishgan chorrahada ikkinchi darajali yoldan harakatlanayotgan transport vositasining haydovchisi asosiy yoldan yaqinlashayotgan transport vositalariga ularning keyingi harakatlanish yo nalishidan qat'iy nazar, yol berishi kerak."
question_1072,"Siz chorrahadan chapga burilmoqchisiz, kimga yol berishingiz kerak?","{""Mikroavtobusga"",""Traktorga"",""Ikkala transportga"",""Birinchi otish huquqiga egaman""}",1,https://lgacbbewpuzeyxijzfii.supabase.co/storage/v1/object/public/test-images/question-1072.jpg,300,,"YHQ 16-bobi 106-bandi: Asosiy yo Ining yo'nalishi chorrahada o'zgarganda, asosiy yolda harakatlanayotgan haydovchilar o'zaro teng ahamiyatli yo'llar chorrahasidan o'tish qoidasiga amal gilishlari kerak. Ikkinchi darajali yollarda harakatlanayotgan haydovchilar ham o'zaro shu qoidaga amal qilishlari kerak YHQ 16-bobi 107-bandi: Chapga burilishda yoki qayrilib olishda relssiz transport vositasining haydovchisi teng ahamiyatli yoldan qarama-qarshi yo'nalishdan to'g'riga yoki o'ngga harakatlanayotgan transport vositalariga yol berishi shart. Bu qoidaga tramvay haydovchilari ham o'zaro amal qilishlari kerak."
question_1073,Ushbu joyda quvib o'tishga ruxsat beriladimi?,"{""Ruxsat beriladi"",""Oldindagi transport vositasi tezligi 40km/ s dan kam bo'lsa"",""Taqiqlanadi""}",2,https://lgacbbewpuzeyxijzfii.supabase.co/storage/v1/object/public/test-images/question-1073.jpg,300,,"YHQ 2 ilova: 1.1 - qarama-qarshi yo'nalishlarda harakatlanayotgan transport oqimlarini ajratadi, yo'lning xavfli joylaridagi harakatlanish bolagi chegarasini va velosipedchilar uchun bo lagining chegarasini bildiradi; yo Ining kirish taqiqlangan qismi chegarasini belgilaydi; transport vositalarining to'xtab turish joyi chegarasini handa avtomagistral gatoriga kiritilmagan yo Ining qatnov gismi chegarasini bildiradi; YHQ 12-bobi 86-bandi: Quib o'tish quyidagi hollarda taqiqlanadi: tartibga solingan chorrahalarda; tartibga solinmaydigan chorrahalarda asosiy hisoblanmaydigan yo llarda harakatlanishda; ko priklarda, yol o' tkazgichlarda, estakadalarda va ularning ostida; piyodalar o'tish joylarida; temir yo'l kesishmalarida va ulargacha 100 metrdan kam masofa qolganda; quib yoki aylanib o tayotgan transport vositalarini; tepalikning oxirida va yolning ko'rinishi cheklangan joylarida; 3.20 va 3.22 yo'l belgilari ta'sir oralig'ida."
question_1074,Qaysi yo'nalish bo'yicha burilish mumkin?,"{""Faqat «A»"",""Faqat «Б»"",""Ikkala sanab otilgan hollarda""}",0,https://lgacbbewpuzeyxijzfii.supabase.co/storage/v1/object/public/test-images/question-1074.jpg,300,,"chiqish"". YHQ 1 ilova: 5.37. ""Reversiv harakatlanish yo liga YHQ 2 ilova: 1.9 - reversiv harakat tashkil etilgan bo laklarning chegarasini belgilaydi; reversiv harakatlanish amalga oshirilgan yo'llarda (reversiv svetofori o'chirilgan holatda) qarama-qarshi yo nalishdagi transport oqimini ajratadi; YHQ 10-bobi 71-bandi: Reversiv harakatlanishli yo'lga burilishda haydovchi transport vositasini shunday boshqarishi kerakki, bunda transport vositasi qatnov qismlari kesishmasidan chiqishda chetki o'ng qatorni egallashi kerak. Shu yo'nalishdagi boshqa tasmalardan ham harakatlanish ruxsat etilganiga ishonch hosil qilingandan keyingina haydovchiga qayta tizilishga ruxsat etiladi."
question_1075,Ushbu transport vositasi qaysi yonalishda harakatlanishiga ruxsat etiladi?,"{""Faqat chapga"",""To'g'riga va chapga"",""Faqat chapga va qayrilib olishga"",""Barcha yonalishlarga""}",2,https://lgacbbewpuzeyxijzfii.supabase.co/storage/v1/object/public/test-images/question-1075.jpg,300,,"YHQ 2 ilova: Yo'l belgilarining, shu jumladan, vaqtincha yo'l belgilarining va yotiq yol chiziqlarining ma'nolari bir-biriga zid kelgan hollarda yoki yo'l chiziqlarini yetarlicha farqlab bo'lmasa, haydovchilar yo'l belgilariga amal qilishlari kerak. YHQ 1 ilova: 5.8.1. ""Tasmalar bo'yicha harakat yo'nalishi"". Tasmalar soni va har biri bo'yicha ruxsat etilgan harakatlanish yo'nalishlari. Boshqa yo'nalishlar bo'yicha harakatlanish taqiqlanadi. Yolning chetki chap bo'lagidan chapga burilishga ruxsat beruvchi 5.8.1 va 5.8.2 belgilari shu tasmadan gayrilishga ham ruxsat beradi."
question_1076,Ushbu belgi aholi punktlarida xavfli yo'l qismi boshlanishidan qancha masofa oldin o'rnatiladi?,"{""150-300 m"",""50-100 m"",""Xavfli yo'l qismi oldiga ornatiladi""}",1,https://lgacbbewpuzeyxijzfii.supabase.co/storage/v1/object/public/test-images/question-1076.jpg,300,,"YHQ 1 ilova: 1.1, 1.2, 1.5 - 1.32 ogohlantiruvchi belgilari aholi punktlarida xavfli joydan 50 - 100 metr, aholi punktlaridan tashqarida esa 150 - 300 metr oldin o'rnatiladi. Zaruriyat bo'lganda, bu belgilar 7.1.1 qo'shimcha axborot belgisida ko'rsatilgan boshqa masofada ham o'rnatilishi mumkin."
question_1077,Qaysi belgilarda oyning juft kunlarida to'xtash mumkin,"{""Chapdagi rasmda"",""O'ngdagi rasmda"",""Har ikkisida mumkun""}",2,https://lgacbbewpuzeyxijzfii.supabase.co/storage/v1/object/public/test-images/question-1077.jpg,300,,"YHQ 1 ilova: 3.29. ""Oyning toq kunlarida to'xtab turish taqiqlangan"" (xizmat vazifasini bajarayotgan xodimga biriktirilgan ko'k yoki qizil yoxud ko'k va gizil rangli yaltiroq mayoqchasi bilan jihozlangan hamda maxsus rangli bo' yoq sxemalar va yozuvlar bilan belgilangan transport vositalari bundan mustasno). YHQ 1 ilova: 3.30. ""Oyning juft kunlarida to'xtab turish taqiqlangan"" (xizmat vazifasini bajarayotgan xodimga biriktirilgan ko'k yoki qizil yoxud ko'k va qizil rangli yaltiroq mayoqchasi bilan jihozlangan hamda maxsus rangli bo'yoq sxemalar va yozuvlar bilan belgilangan transport vositalari bundan mustasno)."
question_1078,Doimiy va vaqtinchalik yol belgilari mano jihatidan bir birini inkor etganda qaysi biriga amal qilasiz?,"{""Doimiy yo'l belgisiga"",""Vaqtinchalik yol belgisiga""}",1,https://postimg.cc/Dmfk0bYv,300,,YHQ 1 ilova: Vaqtincha (ko'chma tirgakdagi) va doimiy belgilar ma'no jihatidan bir-biriga zid kelgan hollarda haydovchilar vaqtincha o'rnatilgan belgilarga amal qilishlari kerak.
question_1079,Moped haydovchisi majbur:,"{""16 yoshga tolgan bolishi"",""Motoshlem kiyishlari va uni qadab olishlari"",""Kunduzgi vaqtda ham yaqinni yorituvchi chiroqlarni yoqib yurishi"",""Barcha sanab o'tilgan javoblar""}",3,https://postimg.cc/Dmfk0bYv,300,,"YHQ 28-bobi 165-bandi: Yo'lda velosiped, individual harakatlanish vositalarini va aravani boshqarish, miniladigan yoki yuk ortiladigan hayvonlarni haydab o'tish 14 yoshdan kichik bo'lmagan, moped va skuterni boshqarish esa 16 yoshdan kichik bo'lmagan shaxslarga ruxsat etiladi. YHQ 2-bobi 9-bandi: Mototsikl, elektromototsikl, moped va skuterda harakatlanayotgan haydovchi hamda yo lovchilar maxsus motoshlem kiyishlari va uni qadab olishlari shart. YHQ 23-bobi 138-bandi: Sutkaning yorug' vaqtida quyidagi hollarda yaqinni yorituvchi fara chiroqlari yoqilishi kerak: mototsikl, elektromototsikl, skuter va mopedlarda."
question_1080,Yo'naltirgichlar bilan ko'rsatilgan qaysi yonalishlarda harakat ruxsat etilgan?,"{""Faqat to'g'riga"",""Faqat o'ngga"",""Faqat chapga"",""Faqat to'g'riga va ongga"",""Barcha yo'nalishlarga""}",4,https://lgacbbewpuzeyxijzfii.supabase.co/storage/v1/object/public/test-images/question-1080.jpg,300,,"YHQ 1 ilova: 4.1.4. ""Harakatlanish to'g'riga yoki o'ngga"". Faqat belgilarda ko'rsatilgan ko'rsatkichlar yo nalishlarida harakatlanishga ruxsat etiladi. Chapga burilishga ruxsat beruvchi belgilar qayrilib olishga ham ruxsat beradi. (Muayyan kesishmada talab etilgan harakatlanish yo nalishiga tegishli ko'rsatkichlarning shakli tushirilgan 4.11 - 4.1.6 belgilarini qollash mumkin). 4.1.1 - 4.1.6 belgilarining ta'siri yo nalishli transport vositalariga joriy qilinmaydi. 4.1.1 - 4.1.6 yo'l belgilari qatnov qismlarining qaysi kesishmasidan oldin o'rnatilsa, belgining ta'siri shu kesishmaga joriy qilinadi. Yo'lning qismi boshlanishida o'rnatilgan 4.1.1 belgisining ta'siri yaqin chorrahagacha joriy qilinadi. Belgi ong tomonda joylashgan hovlilarga va yo lga yondosh boshqa hududlarga burilishni taqiqlamaydi."
question_1081,Ushbu vaziyatda avtomobil haydovchisiga qaysi yonalishda harakatlanish taqiqlanadi?,"{""Tog'riga va chapga"",""Chapga va qayrilib olishga"",""Qayrilib olishga"",""Barcha yonalishga""}",2,https://lgacbbewpuzeyxijzfii.supabase.co/storage/v1/object/public/test-images/question-1081.jpg,300,,yo'q
question_1082,Ushbu vaziyatda qaysi yonalishda harakatlanishingiz mumkin?,"{""1, 3 va 4 yonalishlarda"",""1, 2 va 3 yonalishlarda"",""1 va 4 yo'nalishlarda"",""Barcha yonalishlarda""}",3,https://lgacbbewpuzeyxijzfii.supabase.co/storage/v1/object/public/test-images/question-1082.jpg,300,,"YHQ 1 ilova: 4.1.1. ""Harakatlanish to'g'riga"". Yolning qismi boshlanishida o'rnatilgan 4.1.1 belgisining ta'siri yaqin chorrahagacha joriy qilinadi. Belgi ong tomonda joylashgan hovlilarga va yo lga yondosh boshqa hududlarga burilishni taqiqlamaydi."
question_1083,Ushbu chorrahada chapga burilishga ruxsat etiladimi?,"{""Ruxsat etiladi"",""Taqiqlanadi""}",0,https://lgacbbewpuzeyxijzfii.supabase.co/storage/v1/object/public/test-images/question-1083.jpg,300,,"YHQ 1-ilovasi 4-bo limining birinchi va sakkizinchi xatboshlariga asosan: 4.1.1. «Harakatlanish to'g'riga». 4.1.1 yo'l belgisi qatnov qismining qaysi kesishmasi oldiga o'rnatilsa, shu kesishmaga joriy qilinadi. Yo'lning qismi boshlanishida o'rnatilgan 4.1.1 belgisining ta'siri yaqin chorrahagacha joriy qilinadi. Belgi ong tomonda joylashgan hovlilarga va yo lga yondosh boshga hududlarga burilishni taqiqlamaydi."
question_1084,Harakatlanish vaqtida velosipedchi bilan avtomobil yollari kesishganda kim yol berishi kerak?,"{""Avtomobil"",""Velosipedchilar"",""O'zaro kelishib o'tishadi""}",1,https://lgacbbewpuzeyxijzfii.supabase.co/storage/v1/object/public/test-images/question-1084.jpg,300,,YHQ 28-bobi 169-bandi: Chorrahadan tashqaridagi tartibga solinmagan velosiped yolkasi bilan yo'l kesishmasida velosiped va individual harakatlanish vositalari yolda harakatlanayotgan boshqa transport vositalariga yol berishlari kerak. Velosiped yo'lkasi va piyodalar yo'lkasi (trotuar) o'zaro kesishgan holatlarda velosiped va individual harakatlanish vositasi piyodaga yol berishi kerak.
question_1085,Qaysi haydovchi to'xtab turish qoidalarini buzmadi?,"{""Mototsikl haydovchisi"",""Trotuarda to'xtab turgan avtomobil haydovchisi"",""Hech kim buzmadi""}",0,https://lgacbbewpuzeyxijzfii.supabase.co/storage/v1/object/public/test-images/question-1085.jpg,300,,"YHQ 13-bobi 89-bandi: Transport vositalarini yo'lning qatnov qismida bir qator qilib, qatnov qismi chetiga yol harakatining boshqa ishtirokchilariga xalaqit bermaslik sharti bilan faqat parallel ravishda, kajavasi bo lmagan ikki g'ildirakli transport vositalarini ikki qator qilib qo'yishga ruxsat etiladi. Qatnov qismiga chegaradosh trotuar chetida faqat yengil avtomobillar, mototsikllar, mopedlar va velosipedlarga to'xtab turishga 5.15 yo'l belgisi bilan birga 7.6.2, 7.6.3, 7.6.6 - 7.6.9 qo'shimcha axborot belgilaridan biri o'rnatilgan joylarda ruxsat etiladi."
question_1086,Haydovchi poyezdni otkazib yuborishi uchun togri to xtaganmi?,"{""На"",""Yoq""}",1,https://lgacbbewpuzeyxijzfii.supabase.co/storage/v1/object/public/test-images/question-1086.jpg,300,,"YHQ 18-bobi 119-bandi: Kesishma orqali harakatlanish taqiqlangan hollarda haydovchi to'xtash chizig'i, 2.5 yol belgisi yoki svetofor oldida, ular bolmaganda shlagbaumga kamida 5 metr, shlagbaum bo maganda esa birinchi temir yo'l iziga kamida 10 metr qolganda to'xtashi kerak."
question_1087,Tezkor va maxsus xizmatlarning transport vositalari yo'l xarakatining boshqa qatnashchilariga nisbatan imtiyozga ega bolishi uchun:,"{""Ko'k yoki qizil yoxud ko'k va qizil rangli yalt-yalt etuvchi mayoqchalar yoqilgan bolishi shart"",""Maxsus tovushli ishora yoqilgan bolishi shart"",""Har ikkalasi yoqilgan bolishi shart""}",2,https://postimg.cc/Dmfk0bYv,300,,"YHQ 6-bobi 25-bandi: Yol harakatining boshqa ishtirokchilariga nisbatan imtiyozga ega bolishi uchun tezkor va maxsus xizmatlarning transport vositalarida, tezkor va maxsus xizmatlarning ko'k yoki qizil yoxud ko'k va qizil rangli yalt-yalt etuvchi mayoqchalar va maxsus tovushli ishora yoqilgan bo'lishi shart. Ular o'zlariga yo'l berilayotganligiga ishonch hosil qilganlaridan songgina imtiyozdan foydalanishlari mumkin."
question_1088,Qaysi rasmda haydovchi belgi talabini buzmay to'xtadi?,"{""Faqat 1-rasmda"",""Faqat 2-rasmda"",""Ikkala rasmda""}",2,https://lgacbbewpuzeyxijzfii.supabase.co/storage/v1/object/public/test-images/question-1088.jpg,300,,"YHQ 1 ilova: 2.5. ""To'xtamasdan harakatlanish taqiqlangan"". To'xtash chizig'i oldida, agar u bo'lmasa, kesib o'tiladigan qatnov qismining chetida to'xtamasdan harakatlanish taqiqlanadi. Haydovchi kesib o'tilayotgan yo'ldan, 7.13 qo'shimcha-axborot belgisi bo'lganda esa asosiy yo ldan harakatlanayotgan transport vositalariga yo'l berishi kerak."
question_1089,Ushbu belgi qanday nomlanadi?,"{""Piyodalarning harakati taqiqlangan"",""Individual harakatlanish vositalarini boshqarish taqiqlangan"",""Bolalar uchishi taqiqlangan"",""Ko'rsatilgan barcha javoblar to'g'ri""}",1,https://lgacbbewpuzeyxijzfii.supabase.co/storage/v1/object/public/test-images/question-1089.jpg,300,,"YHQ 1 ilova: 3.34. ""Individual harakatlanish vositalarini boshqarish taqiqlangan""."
question_1090,Qaysi avtomobil haydovchisi qoidani buzib hovliga burildi?,"{""Faqat oq avtomobil haydovchisi"",""Faqat sariq avtomobil haydovchisi"",""Hech qaysi buzmadi"",""Ikkisi ham buzdi""}",1,https://lgacbbewpuzeyxijzfii.supabase.co/storage/v1/object/public/test-images/question-1090.jpg,300,,"YHQ 1 ilova: 4.1.1. ""Harakatlanish to'g'riga"". YoIning qismi boshlanishida o'rnatilgan 4.1.1 belgisining ta'siri yaqin chorrahagacha joriy qilinadi. Belgi o'ng tomonda joylashgan hovlilarga va yolga yondosh boshqa hududlarga burilishni taqiqlamaydi."
question_1091,Qaysi transport vositasining haydovchisi aholi punktlarida to'xtash qoidasini buzmoqda?,"{""Sariq avtomobil haydovchisi"",""Ko'k avtomobil haydovchisi"",""Har ikkisi buzmadi"",""Har ikkisi buzdi""}",2,https://lgacbbewpuzeyxijzfii.supabase.co/storage/v1/object/public/test-images/question-1091.jpg,300,,"YHQ 13-bobi 88-bandi: Aholi punktlarida o'rtada tramvay yo'li bo'lmagan, har yo nalishda bittadan tasmasi bolgan, shuningdek bir tomonlama harakat tashkil etilgan yo llarda yo'lning chap tomonida to xtash va to xtab turishga ruxsat etiladi. YHQ 1 ilova: 7.18. ""Nogironlar mustasno"". Belgilarning ta'siri ushbu Qoidalarning 175-bandiga muvofiq ""Nogiron"" taniqlik belgisi o'rnatilgan transport vositalariga joriy etilmaydi."
question_1092,Yo'naltirgichlar bilan ko'rsatilgan qaysi yonalishlarda harakat ruxsat etilgan?,"{""Faqat tog'riga"",""Faqat o'ngga"",""Faqat chapga"",""Faqat tog'riga va chapga"",""Barcha yo'nalishlarga""}",3,https://lgacbbewpuzeyxijzfii.supabase.co/storage/v1/object/public/test-images/question-1092.jpg,300,,"YHQ 1 ilova: 4.1.1. ""Harakatlanish to'g'riga"". Faqat belgilarda ko'rsatilgan korsatkichlar yo'nalishlarida harakatlanishga ruxsat etiladi. Chapga burilishga ruxsat beruvchi belgilar qayrilib olishga ham ruxsat beradi. (Muayyan kesishmada talab etilgan harakatlanish yo'nalishiga tegishli ko'rsatkichlarning shakli tushirilgan 4.1.1 - 4.1.6 belgilarini qo'llash mumkin). 4.1.1 - 4.1.6 belgilarining ta'siri yo'nalishli transport vositalariga joriy qilinmaydi. 4.1.1 - 4.1.6 yo'l belgilari qatnov qismlarining qaysi kesishmasidan oldin o'rnatilsa, belgining ta'siri shu kesishmaga joriy qilinadi. Yo'lning qismi boshlanishida o'rnatilgan 4.1.1 belgisining ta'siri yaqin chorrahagacha joriy qilinadi. Belgi ong tomonda joylashgan hovlilarga va yo lga yondosh boshga hududlarga"
question_1093,Qaysi transport vositalariga yo'lovchilarni tushurishga ruxsat etiladi?,"{""«А»"",""«Б»"",""«В»"",""Hech qaysi biriga""}",0,https://lgacbbewpuzeyxijzfii.supabase.co/storage/v1/object/public/test-images/question-1093.jpg,300,,"YHQ 13-bobi 88-bandi: Aholi punktlarida o'rtada tramvay yo'li bo'lmagan, har yo'nalishda bittadan tasmasi bo lgan, shuningdek bir tomonlama harakat tashkil etilgan yo llarda yolning chap tomonida to xtash va to'xtab turishga ruxsat etiladi. YHQ 17.1-bobi 115.1-bandi: Yo'nalishli transport vositalari uchun alohida ajratilgan tasmasi bor yoldan yo nalishli jamoat transporti vositalari harakatlanishi mumkin va boshqa transport vositalari ushbu yo lakda harakatlanishi taqiqlanadi, bundan tezkor va maxsus xizmatlarning transport vositalari mustasno."
question_1094,Ushbu yotiq yo'l chizig'i qaysi guruh yol belgilarini takrorlaydi?,"{""Imtiyoz belgilarni"",""Ogohlantiruvchi belgilarni"",""Taqiqlovchi belgilarni"",""Axborot-korsatgich belgilarni""}",1,https://lgacbbewpuzeyxijzfii.supabase.co/storage/v1/object/public/test-images/question-1094.jpg,300,,"YHQ 2 ilova: 1.27 - ogohlantiruvchi yol belgilarini takrorlovchi yo'l chizig'i; YHQ 1 ilova: 1.18.1 - 1.18.3. ""Yo'Ining torayishi"" 1.18.1 - ikki tomonlama torayish; 1.18.2 - o'ngga torayish va 1.18.3 - chapga torayishni bildiradi."
question_1095,Velosiped yolkasi bilan kesishuvga qanchadan kam masofa qolganda to'xtash taqiqlanadi?,"{""10 metr"",""15 metr"",""30 metr""}",0,https://postimg.cc/Dmfk0bYv,300,,YHQ 13-bobi 91-bandi: Quyidagilarda to'xtash taqiqlanadi: velosiped yo lkasi bilan kesishuvda va ulardan oldin 10 metrdan kam masofa qolganda;
question_1096,Qizil avtomobil haydovchisi qaysi yonalishlarda harakatlanishiga ruxsat berilgan?,"{""Faqat chapga"",""Chapga va qayrilib olishga"",""To'g'riga va chapga""}",1,https://lgacbbewpuzeyxijzfii.supabase.co/storage/v1/object/public/test-images/question-1096.jpg,300,,"YHQ 2 ilova: Yo'l belgilarining, shu jumladan, vaqtincha yo'l belgilarining va yotiq yo'l chiziqlarining ma'nolari bir-biriga zid kelgan hollarda yoki yo'l chiziqlarini yetarlicha farqlab bo'lmasa, haydovchilar yo'l belgilariga amal qilishlari kerak. YHQ 1 ilova: 5.8.1. ""Tasmalar bo'yicha harakat yo'nalishi"". Tasmalar soni va har biri bo'yicha ruxsat etilgan harakatlanish yo'nalishlari. Boshqa yo'nalishlar bo'yicha harakatlanish taqiqlanadi. Yolning chetki chap bolagidan chapga burilishga ruxsat beruvchi 5.8.1 va 5.8.2 belgilari shu tasmadan gayrilishga ham ruxsat beradi."
question_1097,Ushbu transport vositasi qaysi yonalishda harakatlanishiga ruxsat etiladi?,"{""Faqat to'g'riga"",""To'g'riga va ongga"",""Faqat to'g'riga va qayrilib olishga"",""Barcha yo'nalishlarga""}",2,https://lgacbbewpuzeyxijzfii.supabase.co/storage/v1/object/public/test-images/question-1097.jpg,300,,"YHQ 1 ilova: 3.18.2. ""Chapga burilish taqiqlanadi""."
question_1098,Ushbu vaziyatda haydovchilar birinchi temir yol iziga eng kamida necha metr qolganda to'xtashlari kerak?,"{""3 metr"",""5 metr"",""10 metr""}",2,https://lgacbbewpuzeyxijzfii.supabase.co/storage/v1/object/public/test-images/question-1098.jpg,300,,"YHQ 18-bobi 119-bandi: Kesishma orqali harakatlanish taqiqlangan hollarda haydovchi to'xtash chizig'i, 2.5 yo'l belgisi yoki svetofor oldida, ular bo lmaganda shlagbaumga kamida 5 metr, shlagbaum bo'lmaganda esa birinchi temir yol iziga kamida 10 metr qolganda to'xtashi kerak."
question_1099,Kemiruvchi va sudralib yuruvchi hayvonlar qaysi javobda korsatilgan?,"{""1"",""2"",""3"",""4"",""2 va""}",4,https://lgacbbewpuzeyxijzfii.supabase.co/storage/v1/object/public/test-images/question-1099.jpg,300,,"YHQ 1 ilova: 1.25.3. ""Kemiruvchi va sudralib yuruvchi hayvonlar"""
question_1100,Qaysi belgi piyodalar o'tish joyini bildiradi?,"{""«А»"",""«Б»"",""«B»""}",1,https://lgacbbewpuzeyxijzfii.supabase.co/storage/v1/object/public/test-images/question-1100.jpg,300,,"YHQ 1 ilova: 5.16.1, 5.16.2. ""Piyodalar o tish joyi"". o'tish joyi oldida 1.14.1-1.14.2 yotiq chizigi bo Imaganda 5.16.2 belgisi yo ldan ong tomonga o tish joyining old chegarasiga, 5.16.1 belgisi esa chap tomonga o tish joyining orga chegarasiga o'rnatiladi."
question_1101,Kok rangli yalt-yalt etuvchi mayoqchalari va maxsus tovushli ishorasi yoqilgan maxsus transport vositasi chorrahani nechanchi bo lib kesib o'tadi?,"{""Oxirgi"",""Birinchi"",""Ikkinchi""}",1,https://lgacbbewpuzeyxijzfii.supabase.co/storage/v1/object/public/test-images/question-1101.jpg,300,,"YHQ 6-bobi 26-bandiga asosan:Haydovchilar tezkor va maxsus xizmatlarning ko'k yoki qizil yoxud ko'k va qizil rangli yalt-yalt etuvchi mayoqchalar va maxsus tovushli ishorasi yoqilgan holda yaqinlashayotgan transport vositalariga, shuningdek ularning kuzatuvidagi, yaqinni yorituvchi fara chiroglari yogilgan transport vositasi (transport vositalari) ga yo'l berishlari shart. Mazkur turdagi transport vositalarini quib o'tish tagiqlanadi."
question_1102,Qaysi rasmdagi haydovchilar to'xtash qoidasini buzdilar?,"{""1"",""2"",""3"",""1,2"",""1,3""}",4,https://lgacbbewpuzeyxijzfii.supabase.co/storage/v1/object/public/test-images/question-1102.jpg,300,,"YHQ 13-bobi 91-bandiga asosan: to xtagan transport vositasi bilan sidirg'a chiziq (gatnov qismining chetini belgilovchi chiziqdan tashqari), ajratuvchi mintaqa yoki qatnov qismining qarama-garshi cheti orasidagi"
question_1103,Ushbu transport vositasiga chorraha orqali qaysi yo'nalishlar bo'yicha harakatlanishga ruxsat etiladi?,"{""Faqat to'g'riga va ó'ngga"",""Faqat chapga va qayrilib olishga"",""Faqat ongga"",""Faqat to'g'riga"",""Barcha yonalishlarga""}",4,https://lgacbbewpuzeyxijzfii.supabase.co/storage/v1/object/public/test-images/question-1103.jpg,300,,"YHQ 1 ilova: 4.1.1. ""Harakatlanish to'g'riga"". Yolning qismi boshlanishida o'rnatilgan 4.1.1 belgisining ta'siri yaqin chorrahagacha joriy qilinadi. Belgi o'ng tomonda joylashgan hovlilarga va yo lga yondosh boshqa hududlarga burilishni taqiqlamaydi."
question_1104,Qaysi avtomobil haydovchisiga burilishga ruxsat etilgan?,"{""Har ikkisiga ruxsat etilgan"",""Oq avtomobil haydovchisiga"",""Har ikkisiga taqiqlangan"",""Qizil avtomobil haydovchisiga""}",2,https://lgacbbewpuzeyxijzfii.supabase.co/storage/v1/object/public/test-images/question-1104.jpg,300,,"YHQ 1 ilova: 4.1.1. ""Harakatlanish to'g'riga"". Faqat belgilarda ko'rsatilgan korsatkichlar yo'nalishlarida harakatlanishga ruxsat etiladi. Chapga burilishga ruxsat beruvchi belgilar qayrilib olishga ham ruxsat beradi. (Muayyan kesishmada talab etilgan harakatlanish yo'nalishiga tegishli korsatkichlarning shakli tushirilgan 4.1.1 - 4.1.6 belgilarini qo'llash mumkin). 4.1.1 - 4.1.6 belgilarining ta'siri yo'nalishli transport vositalariga joriy qilinmaydi. 4.1.1 - 4.1.6 yo'l belgilari qatnov qismlarining qaysi kesishmasidan oldin o'rnatilsa, belgining ta'siri shu kesishmaga joriy qilinadi. Yo'lning qismi boshlanishida o'rnatilgan 4.1.1 belgisining ta'siri yaqin chorrahagacha joriy qilinadi. Belgi ong tomonda joylashgan hovlilarga va yo lga yondosh boshga hududlarga burilishni taqiqlamaydi."
question_1105,Ushbu belgi qanday nomlanadi?,"{""To'xtab turish joyi"",""Pullik to'xtab turish joyi"",""Yer usti avtomobil qo'yish joyi"",""Yer osti avtomobil qo'yish joyi""}",1,https://lgacbbewpuzeyxijzfii.supabase.co/storage/v1/object/public/test-images/question-1105.jpg,300,,"YHQ 1 ilova: 5.15.1. ""Pullik to'xtab turish joyi""."
question_1106,Qaysi rasmlarda quvib o'tish korsatilgan?,"{""Faqat birinchi va ikkinchi rasmlarda"",""Fagat birinchi va uchinchi rasmlarda"",""Faqat birinchi, ikkinchi va tortinchi rasmlarda"",""Fagat birinchi rasmda"",""Barcha rasmlarda""}",0,https://lgacbbewpuzeyxijzfii.supabase.co/storage/v1/object/public/test-images/question-1106.jpg,300,,"YHQ 1-ilova 1-bob. Umumiy qoidalar: Quvib o'tish - bir yoki bir nechta transport vositalarini qarama-qarshi yo'nalishda harakatlanish uchun mo'ljallangan tasmaga chiqib, so'ngra ilgari egallagan qatoriga qaytib o'tish bilan bog'liq bolgan o zib ketish."
question_1107,Qaysi rasmda piyodalarning tashkiliy jamlanmasi yolning qatnov qismida qoidani buzmay harakatlanmoqda?,"{""'1"",""2"",""1,2""}",0,https://lgacbbewpuzeyxijzfii.supabase.co/storage/v1/object/public/test-images/question-1107.jpg,300,,"YHQ 4-bobi 16-bandiga asosan:Piyodalarning tashkiliy jamlanmasiga yo Ining qatnov qismida bir qatorda to'rt kishidan ortiq bo'lmasdan, faqat transport vositalarining harakat yo nalishi bo'ylab o'ng tomondan harakatlanishga ruxsat etiladi. Jamlanmaning oldi va orqasida chap tomondan qizil bayroqcha, sutkaning qorong'i vaqtida yoki yetarlicha ko'rinmaslik sharoitida esa oldinda oq, orgada qizil rangli chiroq ko'targan kuzatuvchilar bolishi shart. Bolalar guruhini trotuarlar va piyodalar yo'lkalaridangina, ular bo'lmaganda esa yo'l yoqasidan faqat sutkaning yorug' vaqtida va katta yoshdagilar kuzatuvida olib yurishga ruxsat etiladi."
question_1108,Asosiy yol:,"{""Faqat yuqori chapdagi rasmda"",""Faqat yuqori o'ngdagi rasmda"",""Yuqoridagi ikkala rasmda"",""Barcha rasmlarda""}",2,https://lgacbbewpuzeyxijzfii.supabase.co/storage/v1/object/public/test-images/question-1108.jpg,300,,"YHQ 1-ilova 1-bob. Umumiy qoidalar: asosiy yo'l - tuproqli yoki shag'alli yo lga nisbatan qattiq goplamali (asfalt, sement-betonli va shunga o'xshashlar yotqizilgan), kesishayotgan yoki tutashgan yo lga nisbatan 2.1, 2.3.1 - 2.3.3 yoki 5.1 yol belgilari bilan belgilangan yoxud yondosh hududdan chiqadigan yo Iga nisbatan har qanday yo l. Ikkinchi darajali yo Ining bevosita chorrahaga tutash gismining qoplamali bo lishi uni asosiy yol bilan teng huquali qilmaydi;"
question_1109,Ushbu qo'shimcha axborot belgisi qaysi yol belgisi bilan qollaniladi?,"{""1"",""2"",""3"",""4""}",3,https://lgacbbewpuzeyxijzfii.supabase.co/storage/v1/object/public/test-images/question-1109.jpg,300,,YHQ 1 ilova: 5.15.4 Elektr quvvatlashli avtomobil qo'yish joyi.
question_1110,Ushbu transport vosita qaysi toifaga kiradi?,"{""M1"",""M2"",""N1"",""O1""}",0,https://lgacbbewpuzeyxijzfii.supabase.co/storage/v1/object/public/test-images/question-1110.jpg,300,,YHQ 3 ilova: 7.22. Ml toifasi - yo lovchilarni tashish uchun foydalaniladigan va haydovchining o'rindig'idan tashqari o'rindiqlar soni 8 tadan oshmaydigan avtotransport vositalari.
